timestamp,accX,accY,accZ,ppg,spO2
2025-12-29 23:14:15.580,1501.0,126.0,17.0,6150.0,6203.0
2025-12-29 23:14:15.600,1501.2631578947369,124.35087719298245,-16.017543859649123,6152.12962962963,6197.666666666667
2025-12-29 23:14:15.620,1501.5263157894738,122.70175438596492,-49.03508771929825,6154.259259259259,6192.333333333333
2025-12-29 23:14:15.640,1501.7894736842106,121.05263157894737,-82.05263157894737,6156.388888888889,6187.0
2025-12-29 23:14:15.660,1502.0526315789473,119.40350877192982,-115.0701754385965,6158.518518518518,6181.666666666667
2025-12-29 23:14:15.680,1502.3157894736842,117.75438596491227,-148.08771929824562,6160.648148148148,6176.333333333333
2025-12-29 23:14:15.700,1502.578947368421,116.10526315789474,-181.10526315789474,6162.777777777777,6171.0
2025-12-29 23:14:15.720,1502.842105263158,114.45614035087719,-214.12280701754386,6164.907407407408,6165.666666666667
2025-12-29 23:14:15.740,1503.1052631578948,112.80701754385964,-247.140350877193,6167.037037037037,6160.333333333333
2025-12-29 23:14:15.760,1503.3684210526317,111.15789473684211,-280.1578947368421,6169.166666666667,6155.0
2025-12-29 23:14:15.780,1503.6315789473683,109.50877192982456,-313.17543859649123,6171.2962962962965,6149.666666666667
2025-12-29 23:14:15.800,1503.8947368421052,107.85964912280701,-346.1929824561404,6173.425925925926,6144.333333333333
2025-12-29 23:14:15.820,1504.157894736842,106.21052631578948,-379.2105263157895,6175.555555555556,6139.0
2025-12-29 23:14:15.840,1504.421052631579,104.56140350877193,-412.2280701754386,6177.685185185185,6133.666666666667
2025-12-29 23:14:15.860,1504.6842105263158,102.91228070175438,-445.2456140350877,6179.814814814815,6128.333333333333
2025-12-29 23:14:15.880,1504.9473684210527,101.26315789473685,-478.2631578947369,6181.944444444444,6123.0
2025-12-29 23:14:15.900,1505.2105263157894,99.6140350877193,-511.280701754386,6184.074074074074,6117.666666666667
2025-12-29 23:14:15.920,1505.4736842105262,97.96491228070175,-544.2982456140351,6186.2037037037035,6112.333333333333
2025-12-29 23:14:15.940,1505.7368421052631,96.3157894736842,-577.3157894736842,6188.333333333333,6107.0
2025-12-29 23:14:15.960,1506.0,94.66666666666667,-610.3333333333334,6190.462962962963,6101.666666666667
2025-12-29 23:14:15.980,1506.2631578947369,93.01754385964912,-643.3508771929825,6192.592592592592,6096.333333333333
2025-12-29 23:14:16.000,1506.5263157894738,91.36842105263158,-676.3684210526316,6194.722222222223,6091.0
2025-12-29 23:14:16.020,1506.7894736842106,89.71929824561403,-709.3859649122808,6196.851851851852,6085.666666666667
2025-12-29 23:14:16.040,1507.0526315789473,88.0701754385965,-742.4035087719299,6198.981481481482,6080.333333333333
2025-12-29 23:14:16.060,1507.3157894736842,86.42105263157895,-775.421052631579,6201.111111111111,6075.0
2025-12-29 23:14:16.080,1507.578947368421,84.7719298245614,-808.438596491228,6203.240740740741,6069.666666666667
2025-12-29 23:14:16.100,1507.842105263158,83.12280701754386,-841.4561403508771,6205.37037037037,6064.333333333333
2025-12-29 23:14:16.120,1508.1052631578948,81.47368421052632,-874.4736842105264,6207.5,6059.0
2025-12-29 23:14:16.140,1508.3684210526317,79.82456140350877,-907.4912280701755,6209.62962962963,6053.666666666667
2025-12-29 23:14:16.160,1508.6315789473683,78.17543859649123,-940.5087719298245,6211.759259259259,6048.333333333333
2025-12-29 23:14:16.180,1508.8947368421052,76.52631578947368,-973.5263157894738,6213.888888888889,6043.0
2025-12-29 23:14:16.200,1509.157894736842,74.87719298245614,-1006.5438596491229,6216.018518518518,6037.666666666667
2025-12-29 23:14:16.220,1509.421052631579,73.2280701754386,-1039.561403508772,6218.148148148148,6032.333333333333
2025-12-29 23:14:16.240,1509.6842105263158,71.57894736842105,-1072.578947368421,6220.277777777777,6027.0
2025-12-29 23:14:16.260,1509.9473684210527,69.9298245614035,-1105.5964912280701,6222.407407407408,6021.666666666667
2025-12-29 23:14:16.280,1510.2105263157894,68.28070175438597,-1138.6140350877192,6224.537037037037,6016.333333333333
2025-12-29 23:14:16.300,1510.4736842105262,66.63157894736841,-1171.6315789473683,6226.666666666667,6011.0
2025-12-29 23:14:16.320,1510.7368421052631,64.98245614035088,-1204.6491228070176,6228.7962962962965,6005.666666666667
2025-12-29 23:14:16.340,1511.0,63.333333333333336,-1237.6666666666667,6230.925925925926,6000.333333333333
2025-12-29 23:14:16.360,1511.2631578947369,61.684210526315795,-1270.6842105263158,6233.055555555556,5995.0
2025-12-29 23:14:16.380,1511.5263157894738,60.03508771929825,-1303.701754385965,6235.185185185185,5989.666666666667
2025-12-29 23:14:16.400,1511.7894736842106,58.3859649122807,-1336.719298245614,6237.314814814815,5984.333333333333
2025-12-29 23:14:16.420,1512.0526315789473,56.73684210526315,-1369.7368421052631,6239.444444444444,5979.0
2025-12-29 23:14:16.440,1512.3157894736842,55.08771929824562,-1402.7543859649122,6241.574074074074,5973.666666666667
2025-12-29 23:14:16.460,1512.578947368421,53.43859649122807,-1435.7719298245615,6243.7037037037035,5968.333333333333
2025-12-29 23:14:16.480,1512.842105263158,51.78947368421052,-1468.7894736842106,6245.833333333333,5963.0
2025-12-29 23:14:16.500,1513.1052631578948,50.140350877192986,-1501.8070175438597,6247.962962962963,5957.666666666667
2025-12-29 23:14:16.520,1513.3684210526317,48.49122807017544,-1534.8245614035088,6250.092592592592,5952.333333333333
2025-12-29 23:14:16.540,1513.6315789473683,46.84210526315789,-1567.842105263158,6252.222222222223,5947.0
2025-12-29 23:14:16.560,1513.8947368421052,45.192982456140356,-1600.859649122807,6254.351851851852,5941.666666666667
2025-12-29 23:14:16.580,1514.157894736842,43.54385964912281,-1633.877192982456,6256.481481481482,5936.333333333333
2025-12-29 23:14:16.600,1514.421052631579,41.89473684210526,-1666.8947368421052,6258.611111111111,5931.0
2025-12-29 23:14:16.620,1514.6842105263158,40.24561403508771,-1699.9122807017543,6260.740740740741,5925.666666666667
2025-12-29 23:14:16.640,1514.9473684210527,38.59649122807018,-1732.9298245614036,6262.87037037037,5920.333333333333
2025-12-29 23:14:16.660,1515.2105263157894,36.94736842105263,-1765.9473684210527,6265.0,5915.0
2025-12-29 23:14:16.680,1515.4736842105262,35.29824561403508,-1798.9649122807018,6267.3725490196075,5920.0392156862745
2025-12-29 23:14:16.700,1515.7368421052631,33.64912280701755,-1831.982456140351,6269.745098039216,5925.078431372549
2025-12-29 23:14:16.720,1516.0,32.0,-1865.0,6272.117647058823,5930.117647058823
2025-12-29 23:14:16.740,1515.4583333333333,33.583333333333336,-1825.375,6274.490196078431,5935.156862745098
2025-12-29 23:14:16.760,1514.9166666666667,35.166666666666664,-1785.75,6276.862745098039,5940.196078431372
2025-12-29 23:14:16.780,1514.375,36.75,-1746.125,6279.235294117647,5945.235294117647
2025-12-29 23:14:16.800,1513.8333333333333,38.333333333333336,-1706.5,6281.607843137255,5950.274509803921
2025-12-29 23:14:16.820,1513.2916666666667,39.916666666666664,-1666.875,6283.980392156863,5955.313725490196
2025-12-29 23:14:16.840,1512.75,41.5,-1627.25,6286.35294117647,5960.35294117647
2025-12-29 23:14:16.860,1512.2083333333333,43.08333333333333,-1587.625,6288.725490196079,5965.392156862745
2025-12-29 23:14:16.880,1511.6666666666667,44.666666666666664,-1548.0,6291.098039215686,5970.431372549019
2025-12-29 23:14:16.900,1511.125,46.25,-1508.375,6293.470588235294,5975.470588235294
2025-12-29 23:14:16.920,1510.5833333333333,47.83333333333333,-1468.75,6295.843137254902,5980.509803921568
2025-12-29 23:14:16.940,1510.0416666666667,49.416666666666664,-1429.125,6298.21568627451,5985.549019607844
2025-12-29 23:14:16.960,1509.5,51.0,-1389.5,6300.588235294118,5990.588235294118
2025-12-29 23:14:16.980,1508.9583333333333,52.58333333333333,-1349.875,6302.9607843137255,5995.6274509803925
2025-12-29 23:14:17.000,1508.4166666666667,54.166666666666664,-1310.25,6305.333333333333,6000.666666666667
2025-12-29 23:14:17.020,1507.875,55.75,-1270.625,6307.705882352941,6005.705882352941
2025-12-29 23:14:17.040,1507.3333333333333,57.33333333333333,-1231.0,6310.078431372549,6010.745098039216
2025-12-29 23:14:17.060,1506.7916666666667,58.916666666666664,-1191.375,6312.450980392156,6015.78431372549
2025-12-29 23:14:17.080,1506.25,60.5,-1151.75,6314.823529411765,6020.823529411765
2025-12-29 23:14:17.100,1505.7083333333333,62.08333333333333,-1112.125,6317.196078431372,6025.862745098039
2025-12-29 23:14:17.120,1505.1666666666667,63.666666666666664,-1072.5,6319.568627450981,6030.901960784314
2025-12-29 23:14:17.140,1504.625,65.25,-1032.875,6321.941176470588,6035.941176470588
2025-12-29 23:14:17.160,1504.0833333333333,66.83333333333333,-993.25,6324.313725490196,6040.980392156863
2025-12-29 23:14:17.180,1503.5416666666667,68.41666666666666,-953.625,6326.686274509804,6046.019607843137
2025-12-29 23:14:17.200,1503.0,70.0,-914.0,6329.058823529412,6051.058823529412
2025-12-29 23:14:17.220,1502.4583333333333,71.58333333333333,-874.375,6331.431372549019,6056.098039215686
2025-12-29 23:14:17.240,1501.9166666666667,73.16666666666666,-834.75,6333.803921568628,6061.137254901961
2025-12-29 23:14:17.260,1501.375,74.75,-795.125,6336.176470588235,6066.176470588235
2025-12-29 23:14:17.280,1500.8333333333333,76.33333333333333,-755.5,6338.549019607844,6071.21568627451
2025-12-29 23:14:17.300,1500.2916666666667,77.91666666666666,-715.875,6340.921568627451,6076.254901960784
2025-12-29 23:14:17.320,1499.75,79.5,-676.25,6343.294117647059,6081.294117647059
2025-12-29 23:14:17.340,1499.2083333333333,81.08333333333333,-636.625,6345.666666666667,6086.333333333333
2025-12-29 23:14:17.360,1498.6666666666667,82.66666666666666,-597.0,6348.0392156862745,6091.3725490196075
2025-12-29 23:14:17.380,1498.125,84.25,-557.375,6350.411764705882,6096.411764705882
2025-12-29 23:14:17.400,1497.5833333333333,85.83333333333333,-517.75,6352.78431372549,6101.450980392156
2025-12-29 23:14:17.420,1497.0416666666667,87.41666666666666,-478.125,6355.156862745098,6106.490196078432
2025-12-29 23:14:17.440,1496.5,89.0,-438.5,6357.529411764706,6111.529411764706
2025-12-29 23:14:17.460,1495.9583333333333,90.58333333333333,-398.875,6359.901960784314,6116.568627450981
2025-12-29 23:14:17.480,1495.4166666666667,92.16666666666666,-359.25,6362.274509803921,6121.607843137255
2025-12-29 23:14:17.500,1494.875,93.75,-319.625,6364.64705882353,6126.64705882353
2025-12-29 23:14:17.520,1494.3333333333333,95.33333333333333,-280.0,6367.019607843137,6131.686274509804
2025-12-29 23:14:17.540,1493.7916666666667,96.91666666666666,-240.375,6369.392156862745,6136.725490196079
2025-12-29 23:14:17.560,1493.25,98.5,-200.75,6371.764705882353,6141.764705882353
2025-12-29 23:14:17.580,1492.7083333333333,100.08333333333333,-161.125,6374.137254901961,6146.803921568628
2025-12-29 23:14:17.600,1492.1666666666667,101.66666666666666,-121.5,6376.509803921569,6151.843137254902
2025-12-29 23:14:17.620,1491.625,103.25,-81.875,6378.882352941177,6156.882352941177
2025-12-29 23:14:17.640,1491.0833333333333,104.83333333333333,-42.25,6381.254901960784,6161.921568627451
2025-12-29 23:14:17.660,1490.5416666666667,106.41666666666666,-2.625,6383.6274509803925,6166.9607843137255
2025-12-29 23:14:17.680,1490.0,108.0,37.0,6386.0,6172.0
2025-12-29 23:14:17.700,1489.7777777777778,106.17777777777778,38.82222222222222,6387.377777777778,6181.0
2025-12-29 23:14:17.720,1489.5555555555557,104.35555555555555,40.644444444444446,6388.7555555555555,6190.0
2025-12-29 23:14:17.740,1489.3333333333333,102.53333333333333,42.46666666666667,6390.133333333333,6199.0
2025-12-29 23:14:17.760,1489.111111111111,100.71111111111111,44.28888888888889,6391.511111111111,6208.0
2025-12-29 23:14:17.780,1488.888888888889,98.88888888888889,46.111111111111114,6392.888888888889,6217.0
2025-12-29 23:14:17.800,1488.6666666666667,97.06666666666666,47.93333333333334,6394.266666666666,6226.0
2025-12-29 23:14:17.820,1488.4444444444443,95.24444444444444,49.75555555555555,6395.644444444444,6235.0
2025-12-29 23:14:17.840,1488.2222222222222,93.42222222222222,51.577777777777776,6397.022222222222,6244.0
2025-12-29 23:14:17.860,1488.0,91.6,53.4,6398.4,6253.0
2025-12-29 23:14:17.880,1487.7777777777778,89.77777777777777,55.22222222222222,6399.777777777777,6262.0
2025-12-29 23:14:17.900,1487.5555555555557,87.95555555555555,57.044444444444444,6401.155555555555,6271.0
2025-12-29 23:14:17.920,1487.3333333333333,86.13333333333333,58.86666666666667,6402.533333333334,6280.0
2025-12-29 23:14:17.940,1487.111111111111,84.3111111111111,60.68888888888889,6403.9111111111115,6289.0
2025-12-29 23:14:17.960,1486.888888888889,82.4888888888889,62.511111111111106,6405.288888888889,6298.0
2025-12-29 23:14:17.980,1486.6666666666667,80.66666666666667,64.33333333333333,6406.666666666667,6307.0
2025-12-29 23:14:18.000,1486.4444444444443,78.84444444444445,66.15555555555555,6408.044444444445,6316.0
2025-12-29 23:14:18.020,1486.2222222222222,77.02222222222223,67.97777777777777,6409.422222222222,6325.0
2025-12-29 23:14:18.040,1486.0,75.2,69.8,6410.8,6334.0
2025-12-29 23:14:18.060,1485.7777777777778,73.37777777777778,71.62222222222222,6412.177777777778,6343.0
2025-12-29 23:14:18.080,1485.5555555555557,71.55555555555556,73.44444444444444,6413.555555555556,6352.0
2025-12-29 23:14:18.100,1485.3333333333333,69.73333333333333,75.26666666666667,6414.933333333333,6361.0
2025-12-29 23:14:18.120,1485.111111111111,67.91111111111111,77.08888888888889,6416.311111111111,6370.0
2025-12-29 23:14:18.140,1484.888888888889,66.08888888888889,78.91111111111111,6417.688888888889,6379.0
2025-12-29 23:14:18.160,1484.6666666666667,64.26666666666667,80.73333333333333,6419.066666666667,6388.0
2025-12-29 23:14:18.180,1484.4444444444443,62.44444444444444,82.55555555555556,6420.444444444444,6397.0
2025-12-29 23:14:18.200,1484.2222222222222,60.62222222222222,84.37777777777778,6421.822222222222,6406.0
2025-12-29 23:14:18.220,1484.0,58.800000000000004,86.19999999999999,6423.2,6415.0
2025-12-29 23:14:18.240,1483.7777777777778,56.97777777777778,88.02222222222221,6424.577777777778,6424.0
2025-12-29 23:14:18.260,1483.5555555555557,55.15555555555556,89.84444444444443,6425.955555555555,6433.0
2025-12-29 23:14:18.280,1483.3333333333333,53.333333333333336,91.66666666666666,6427.333333333333,6442.0
2025-12-29 23:14:18.300,1483.111111111111,51.51111111111111,93.48888888888888,6428.711111111111,6451.0
2025-12-29 23:14:18.320,1482.888888888889,49.68888888888889,95.3111111111111,6430.0888888888885,6460.0
2025-12-29 23:14:18.340,1482.6666666666667,47.86666666666667,97.13333333333333,6431.466666666666,6469.0
2025-12-29 23:14:18.360,1482.4444444444443,46.044444444444444,98.95555555555555,6432.844444444445,6478.0
2025-12-29 23:14:18.380,1482.2222222222222,44.22222222222222,100.77777777777777,6434.222222222223,6487.0
2025-12-29 23:14:18.400,1482.0,42.400000000000006,102.6,6435.6,6496.0
2025-12-29 23:14:18.420,1481.7777777777778,40.57777777777778,104.42222222222222,6436.977777777778,6505.0
2025-12-29 23:14:18.440,1481.5555555555557,38.75555555555556,106.24444444444444,6438.355555555556,6514.0
2025-12-29 23:14:18.460,1481.3333333333333,36.93333333333334,108.06666666666666,6439.733333333334,6523.0
2025-12-29 23:14:18.480,1481.111111111111,35.111111111111114,109.88888888888889,6441.111111111111,6532.0
2025-12-29 23:14:18.500,1480.888888888889,33.28888888888889,111.71111111111111,6442.488888888889,6541.0
2025-12-29 23:14:18.520,1480.6666666666667,31.46666666666667,113.53333333333333,6443.866666666667,6550.0
2025-12-29 23:14:18.540,1480.4444444444443,29.644444444444446,115.35555555555555,6445.2444444444445,6559.0
2025-12-29 23:14:18.560,1480.2222222222222,27.822222222222223,117.17777777777778,6446.622222222222,6568.0
2025-12-29 23:14:18.580,1480.0,26.0,119.0,6448.0,6577.0
2025-12-29 23:14:18.600,1480.4736842105262,26.56140350877193,83.24561403508773,6446.403508771929,6578.298245614035
2025-12-29 23:14:18.620,1480.9473684210527,27.12280701754386,47.49122807017544,6444.80701754386,6579.596491228071
2025-12-29 23:14:18.640,1481.421052631579,27.684210526315788,11.73684210526315,6443.210526315789,6580.894736842105
2025-12-29 23:14:18.660,1481.8947368421052,28.24561403508772,-24.017543859649123,6441.6140350877195,6582.19298245614
2025-12-29 23:14:18.680,1482.3684210526317,28.80701754385965,-59.7719298245614,6440.017543859649,6583.491228070176
2025-12-29 23:14:18.700,1482.842105263158,29.36842105263158,-95.5263157894737,6438.421052631579,6584.789473684211
2025-12-29 23:14:18.720,1483.3157894736842,29.929824561403507,-131.28070175438597,6436.824561403509,6586.087719298245
2025-12-29 23:14:18.740,1483.7894736842106,30.49122807017544,-167.03508771929825,6435.228070175439,6587.3859649122805
2025-12-29 23:14:18.760,1484.2631578947369,31.05263157894737,-202.78947368421052,6433.631578947368,6588.684210526316
2025-12-29 23:14:18.780,1484.7368421052631,31.614035087719298,-238.5438596491228,6432.035087719299,6589.982456140351
2025-12-29 23:14:18.800,1485.2105263157894,32.175438596491226,-274.29824561403507,6430.438596491228,6591.2807017543855
2025-12-29 23:14:18.820,1485.6842105263158,32.73684210526316,-310.0526315789474,6428.8421052631575,6592.578947368421
2025-12-29 23:14:18.840,1486.157894736842,33.29824561403509,-345.8070175438597,6427.245614035088,6593.877192982456
2025-12-29 23:14:18.860,1486.6315789473683,33.859649122807014,-381.56140350877195,6425.649122807017,6595.175438596491
2025-12-29 23:14:18.880,1487.1052631578948,34.421052631578945,-417.31578947368416,6424.0526315789475,6596.473684210527
2025-12-29 23:14:18.900,1487.578947368421,34.98245614035088,-453.0701754385965,6422.456140350877,6597.771929824561
2025-12-29 23:14:18.920,1488.0526315789473,35.54385964912281,-488.8245614035088,6420.859649122807,6599.070175438596
2025-12-29 23:14:18.940,1488.5263157894738,36.10526315789474,-524.578947368421,6419.263157894737,6600.368421052632
2025-12-29 23:14:18.960,1489.0,36.666666666666664,-560.3333333333334,6417.666666666667,6601.666666666667
2025-12-29 23:14:18.980,1489.4736842105262,37.228070175438596,-596.0877192982456,6416.070175438596,6602.964912280701
2025-12-29 23:14:19.000,1489.9473684210527,37.78947368421053,-631.8421052631579,6414.473684210527,6604.263157894737
2025-12-29 23:14:19.020,1490.421052631579,38.35087719298245,-667.5964912280701,6412.877192982456,6605.561403508772
2025-12-29 23:14:19.040,1490.8947368421052,38.91228070175438,-703.3508771929825,6411.2807017543855,6606.859649122807
2025-12-29 23:14:19.060,1491.3684210526317,39.473684210526315,-739.1052631578948,6409.684210526316,6608.1578947368425
2025-12-29 23:14:19.080,1491.842105263158,40.03508771929825,-774.859649122807,6408.087719298245,6609.456140350877
2025-12-29 23:14:19.100,1492.3157894736842,40.59649122807018,-810.6140350877193,6406.491228070176,6610.754385964912
2025-12-29 23:14:19.120,1492.7894736842106,41.1578947368421,-846.3684210526316,6404.894736842105,6612.0526315789475
2025-12-29 23:14:19.140,1493.2631578947369,41.719298245614034,-882.1228070175439,6403.298245614035,6613.350877192983
2025-12-29 23:14:19.160,1493.7368421052631,42.280701754385966,-917.8771929824561,6401.701754385965,6614.649122807017
2025-12-29 23:14:19.180,1494.2105263157894,42.84210526315789,-953.6315789473683,6400.105263157895,6615.9473684210525
2025-12-29 23:14:19.200,1494.6842105263158,43.40350877192982,-989.3859649122808,6398.508771929824,6617.245614035088
2025-12-29 23:14:19.220,1495.157894736842,43.96491228070175,-1025.140350877193,6396.912280701755,6618.543859649123
2025-12-29 23:14:19.240,1495.6315789473683,44.526315789473685,-1060.8947368421052,6395.315789473684,6619.8421052631575
2025-12-29 23:14:19.260,1496.1052631578948,45.08771929824562,-1096.6491228070176,6393.7192982456145,6621.140350877193
2025-12-29 23:14:19.280,1496.578947368421,45.64912280701754,-1132.4035087719299,6392.122807017544,6622.438596491228
2025-12-29 23:14:19.300,1497.0526315789473,46.21052631578947,-1168.157894736842,6390.526315789473,6623.736842105263
2025-12-29 23:14:19.320,1497.5263157894738,46.771929824561404,-1203.9122807017543,6388.929824561404,6625.035087719299
2025-12-29 23:14:19.340,1498.0,47.33333333333333,-1239.6666666666667,6387.333333333333,6626.333333333333
2025-12-29 23:14:19.360,1498.4736842105262,47.89473684210526,-1275.421052631579,6385.736842105263,6627.631578947368
2025-12-29 23:14:19.380,1498.9473684210527,48.45614035087719,-1311.1754385964912,6384.140350877193,6628.929824561404
2025-12-29 23:14:19.400,1499.421052631579,49.01754385964912,-1346.9298245614036,6382.543859649123,6630.228070175439
2025-12-29 23:14:19.420,1499.8947368421052,49.578947368421055,-1382.6842105263158,6380.9473684210525,6631.526315789473
2025-12-29 23:14:19.440,1500.3684210526317,50.14035087719298,-1418.438596491228,6379.350877192983,6632.824561403509
2025-12-29 23:14:19.460,1500.842105263158,50.70175438596491,-1454.1929824561403,6377.754385964912,6634.122807017544
2025-12-29 23:14:19.480,1501.3157894736842,51.26315789473684,-1489.9473684210527,6376.1578947368425,6635.421052631579
2025-12-29 23:14:19.500,1501.7894736842106,51.82456140350877,-1525.701754385965,6374.561403508772,6636.7192982456145
2025-12-29 23:14:19.520,1502.2631578947369,52.3859649122807,-1561.4561403508771,6372.964912280701,6638.017543859649
2025-12-29 23:14:19.540,1502.7368421052631,52.94736842105263,-1597.2105263157896,6371.368421052632,6639.315789473684
2025-12-29 23:14:19.560,1503.2105263157894,53.50877192982456,-1632.9649122807018,6369.771929824561,6640.6140350877195
2025-12-29 23:14:19.580,1503.6842105263158,54.07017543859649,-1668.719298245614,6368.175438596491,6641.912280701755
2025-12-29 23:14:19.600,1504.157894736842,54.63157894736842,-1704.4736842105262,6366.578947368421,6643.210526315789
2025-12-29 23:14:19.620,1504.6315789473683,55.19298245614035,-1740.2280701754387,6364.982456140351,6644.508771929824
2025-12-29 23:14:19.640,1505.1052631578948,55.75438596491228,-1775.982456140351,6363.3859649122805,6645.80701754386
2025-12-29 23:14:19.660,1505.578947368421,56.315789473684205,-1811.7368421052631,6361.789473684211,6647.105263157895
2025-12-29 23:14:19.680,1506.0526315789473,56.87719298245614,-1847.4912280701753,6360.19298245614,6648.403508771929
2025-12-29 23:14:19.700,1506.5263157894738,57.43859649122807,-1883.2456140350878,6358.596491228071,6649.701754385965
2025-12-29 23:14:19.720,1507.0,58.0,-1919.0,6357.0,6651.0
2025-12-29 23:14:19.740,1506.952380952381,57.61904761904762,-1918.7619047619048,6355.547619047619,6651.880952380952
2025-12-29 23:14:19.760,1506.904761904762,57.23809523809524,-1918.5238095238096,6354.0952380952385,6652.761904761905
2025-12-29 23:14:19.780,1506.857142857143,56.857142857142854,-1918.2857142857142,6352.642857142857,6653.642857142857
2025-12-29 23:14:19.800,1506.8095238095239,56.476190476190474,-1918.047619047619,6351.190476190476,6654.523809523809
2025-12-29 23:14:19.820,1506.7619047619048,56.095238095238095,-1917.8095238095239,6349.738095238095,6655.4047619047615
2025-12-29 23:14:19.840,1506.7142857142858,55.714285714285715,-1917.5714285714287,6348.285714285715,6656.285714285715
2025-12-29 23:14:19.860,1506.6666666666667,55.333333333333336,-1917.3333333333333,6346.833333333333,6657.166666666667
2025-12-29 23:14:19.880,1506.6190476190477,54.95238095238095,-1917.095238095238,6345.380952380952,6658.047619047619
2025-12-29 23:14:19.900,1506.5714285714287,54.57142857142857,-1916.857142857143,6343.928571428572,6658.928571428572
2025-12-29 23:14:19.920,1506.5238095238096,54.19047619047619,-1916.6190476190477,6342.476190476191,6659.809523809524
2025-12-29 23:14:19.940,1506.4761904761904,53.80952380952381,-1916.3809523809523,6341.023809523809,6660.690476190476
2025-12-29 23:14:19.960,1506.4285714285713,53.42857142857143,-1916.142857142857,6339.571428571428,6661.571428571428
2025-12-29 23:14:19.980,1506.3809523809523,53.04761904761905,-1915.904761904762,6338.119047619048,6662.452380952381
2025-12-29 23:14:20.000,1506.3333333333333,52.666666666666664,-1915.6666666666667,6336.666666666667,6663.333333333333
2025-12-29 23:14:20.020,1506.2857142857142,52.285714285714285,-1915.4285714285713,6335.214285714285,6664.214285714285
2025-12-29 23:14:20.040,1506.2380952380952,51.904761904761905,-1915.1904761904761,6333.761904761905,6665.0952380952385
2025-12-29 23:14:20.060,1506.1904761904761,51.523809523809526,-1914.952380952381,6332.309523809524,6665.976190476191
2025-12-29 23:14:20.080,1506.142857142857,51.142857142857146,-1914.7142857142858,6330.857142857143,6666.857142857143
2025-12-29 23:14:20.100,1506.095238095238,50.76190476190476,-1914.4761904761904,6329.4047619047615,6667.738095238095
2025-12-29 23:14:20.120,1506.047619047619,50.38095238095238,-1914.2380952380952,6327.952380952381,6668.619047619048
2025-12-29 23:14:20.140,1506.0,50.0,-1914.0,6326.5,6669.5
2025-12-29 23:14:20.160,1505.952380952381,49.61904761904762,-1913.7619047619048,6325.047619047619,6670.380952380952
2025-12-29 23:14:20.180,1505.904761904762,49.23809523809524,-1913.5238095238096,6323.5952380952385,6671.261904761905
2025-12-29 23:14:20.200,1505.857142857143,48.85714285714286,-1913.2857142857142,6322.142857142857,6672.142857142857
2025-12-29 23:14:20.220,1505.8095238095239,48.476190476190474,-1913.047619047619,6320.690476190476,6673.023809523809
2025-12-29 23:14:20.240,1505.7619047619048,48.095238095238095,-1912.8095238095239,6319.238095238095,6673.9047619047615
2025-12-29 23:14:20.260,1505.7142857142858,47.714285714285715,-1912.5714285714287,6317.785714285715,6674.785714285715
2025-12-29 23:14:20.280,1505.6666666666667,47.333333333333336,-1912.3333333333333,6316.333333333333,6675.666666666667
2025-12-29 23:14:20.300,1505.6190476190477,46.95238095238095,-1912.095238095238,6314.880952380952,6676.547619047619
2025-12-29 23:14:20.320,1505.5714285714287,46.57142857142857,-1911.857142857143,6313.428571428572,6677.428571428572
2025-12-29 23:14:20.340,1505.5238095238096,46.19047619047619,-1911.6190476190477,6311.976190476191,6678.309523809524
2025-12-29 23:14:20.360,1505.4761904761904,45.80952380952381,-1911.3809523809523,6310.523809523809,6679.190476190476
2025-12-29 23:14:20.380,1505.4285714285713,45.42857142857143,-1911.142857142857,6309.071428571428,6680.071428571428
2025-12-29 23:14:20.400,1505.3809523809523,45.04761904761905,-1910.904761904762,6307.619047619048,6680.952380952381
2025-12-29 23:14:20.420,1505.3333333333333,44.66666666666667,-1910.6666666666667,6306.166666666667,6681.833333333333
2025-12-29 23:14:20.440,1505.2857142857142,44.285714285714285,-1910.4285714285713,6304.714285714285,6682.714285714285
2025-12-29 23:14:20.460,1505.2380952380952,43.904761904761905,-1910.1904761904761,6303.261904761905,6683.5952380952385
2025-12-29 23:14:20.480,1505.1904761904761,43.523809523809526,-1909.952380952381,6301.809523809524,6684.476190476191
2025-12-29 23:14:20.500,1505.142857142857,43.142857142857146,-1909.7142857142858,6300.357142857143,6685.357142857143
2025-12-29 23:14:20.520,1505.095238095238,42.76190476190476,-1909.4761904761904,6298.9047619047615,6686.238095238095
2025-12-29 23:14:20.540,1505.047619047619,42.38095238095238,-1909.2380952380952,6297.452380952381,6687.119047619048
2025-12-29 23:14:20.560,1505.0,42.0,-1909.0,6296.0,6688.0
2025-12-29 23:14:20.580,1505.450980392157,80.11764705882354,-1908.6666666666667,6296.431372549019,6688.294117647059
2025-12-29 23:14:20.600,1505.9019607843138,118.23529411764706,-1908.3333333333333,6296.862745098039,6688.588235294118
2025-12-29 23:14:20.620,1506.3529411764705,156.35294117647058,-1908.0,6297.294117647059,6688.882352941177
2025-12-29 23:14:20.640,1506.8039215686274,194.47058823529412,-1907.6666666666667,6297.725490196079,6689.176470588235
2025-12-29 23:14:20.660,1507.2549019607843,232.58823529411765,-1907.3333333333333,6298.156862745098,6689.470588235294
2025-12-29 23:14:20.680,1507.7058823529412,270.70588235294116,-1907.0,6298.588235294118,6689.764705882353
2025-12-29 23:14:20.700,1508.1568627450981,308.8235294117647,-1906.6666666666667,6299.019607843137,6690.058823529412
2025-12-29 23:14:20.720,1508.6078431372548,346.94117647058823,-1906.3333333333333,6299.450980392156,6690.35294117647
2025-12-29 23:14:20.740,1509.0588235294117,385.05882352941177,-1906.0,6299.882352941177,6690.64705882353
2025-12-29 23:14:20.760,1509.5098039215686,423.1764705882353,-1905.6666666666667,6300.313725490196,6690.941176470588
2025-12-29 23:14:20.780,1509.9607843137255,461.29411764705884,-1905.3333333333333,6300.745098039216,6691.235294117647
2025-12-29 23:14:20.800,1510.4117647058824,499.4117647058823,-1905.0,6301.176470588235,6691.529411764706
2025-12-29 23:14:20.820,1510.862745098039,537.5294117647059,-1904.6666666666667,6301.607843137255,6691.823529411765
2025-12-29 23:14:20.840,1511.313725490196,575.6470588235294,-1904.3333333333333,6302.0392156862745,6692.117647058823
2025-12-29 23:14:20.860,1511.764705882353,613.7647058823529,-1904.0,6302.470588235294,6692.411764705882
2025-12-29 23:14:20.880,1512.2156862745098,651.8823529411765,-1903.6666666666667,6302.901960784314,6692.705882352941
2025-12-29 23:14:20.900,1512.6666666666667,690.0,-1903.3333333333333,6303.333333333333,6693.0
2025-12-29 23:14:20.920,1513.1176470588234,728.1176470588235,-1903.0,6303.764705882353,6693.294117647059
2025-12-29 23:14:20.940,1513.5686274509803,766.2352941176471,-1902.6666666666667,6304.196078431372,6693.588235294118
2025-12-29 23:14:20.960,1514.0196078431372,804.3529411764706,-1902.3333333333333,6304.6274509803925,6693.882352941177
2025-12-29 23:14:20.980,1514.4705882352941,842.4705882352941,-1902.0,6305.058823529412,6694.176470588235
2025-12-29 23:14:21.000,1514.921568627451,880.5882352941177,-1901.6666666666667,6305.490196078431,6694.470588235294
2025-12-29 23:14:21.020,1515.3725490196077,918.7058823529412,-1901.3333333333333,6305.921568627451,6694.764705882353
2025-12-29 23:14:21.040,1515.8235294117646,956.8235294117646,-1901.0,6306.35294117647,6695.058823529412
2025-12-29 23:14:21.060,1516.2745098039215,994.9411764705882,-1900.6666666666667,6306.78431372549,6695.35294117647
2025-12-29 23:14:21.080,1516.7254901960785,1033.0588235294117,-1900.3333333333333,6307.21568627451,6695.64705882353
2025-12-29 23:14:21.100,1517.1764705882354,1071.1764705882354,-1900.0,6307.64705882353,6695.941176470588
2025-12-29 23:14:21.120,1517.6274509803923,1109.2941176470588,-1899.6666666666667,6308.078431372549,6696.235294117647
2025-12-29 23:14:21.140,1518.078431372549,1147.4117647058824,-1899.3333333333333,6308.509803921569,6696.529411764706
2025-12-29 23:14:21.160,1518.5294117647059,1185.5294117647059,-1899.0,6308.941176470588,6696.823529411765
2025-12-29 23:14:21.180,1518.9803921568628,1223.6470588235295,-1898.6666666666667,6309.3725490196075,6697.117647058823
2025-12-29 23:14:21.200,1519.4313725490197,1261.764705882353,-1898.3333333333333,6309.803921568628,6697.411764705882
2025-12-29 23:14:21.220,1519.8823529411766,1299.8823529411764,-1898.0,6310.235294117647,6697.705882352941
2025-12-29 23:14:21.240,1520.3333333333333,1338.0,-1897.6666666666667,6310.666666666667,6698.0
2025-12-29 23:14:21.260,1520.7843137254902,1376.1176470588234,-1897.3333333333333,6311.098039215686,6698.294117647059
2025-12-29 23:14:21.280,1521.235294117647,1414.235294117647,-1897.0,6311.529411764706,6698.588235294118
2025-12-29 23:14:21.300,1521.686274509804,1452.3529411764705,-1896.6666666666667,6311.9607843137255,6698.882352941177
2025-12-29 23:14:21.320,1522.137254901961,1490.4705882352941,-1896.3333333333333,6312.392156862745,6699.176470588235
2025-12-29 23:14:21.340,1522.5882352941176,1528.5882352941176,-1896.0,6312.823529411765,6699.470588235294
2025-12-29 23:14:21.360,1523.0392156862745,1566.7058823529412,-1895.6666666666667,6313.254901960784,6699.764705882353
2025-12-29 23:14:21.380,1523.4901960784314,1604.8235294117646,-1895.3333333333333,6313.686274509804,6700.058823529412
2025-12-29 23:14:21.400,1523.9411764705883,1642.9411764705883,-1895.0,6314.117647058823,6700.35294117647
2025-12-29 23:14:21.420,1524.3921568627452,1681.0588235294117,-1894.6666666666667,6314.549019607844,6700.64705882353
2025-12-29 23:14:21.440,1524.8431372549019,1719.1764705882354,-1894.3333333333333,6314.980392156863,6700.941176470588
2025-12-29 23:14:21.460,1525.2941176470588,1757.2941176470588,-1894.0,6315.411764705882,6701.235294117647
2025-12-29 23:14:21.480,1525.7450980392157,1795.4117647058824,-1893.6666666666667,6315.843137254902,6701.529411764706
2025-12-29 23:14:21.500,1526.1960784313726,1833.5294117647059,-1893.3333333333333,6316.274509803921,6701.823529411765
2025-12-29 23:14:21.520,1526.6470588235295,1871.6470588235293,-1893.0,6316.705882352941,6702.117647058823
2025-12-29 23:14:21.540,1527.0980392156862,1909.764705882353,-1892.6666666666667,6317.137254901961,6702.411764705882
2025-12-29 23:14:21.560,1527.549019607843,1947.8823529411764,-1892.3333333333333,6317.568627450981,6702.705882352941
2025-12-29 23:14:21.580,1528.0,1986.0,-1892.0,6318.0,6703.0
2025-12-29 23:14:21.600,1527.9259259259259,1986.537037037037,-1891.3333333333333,6315.092592592592,6702.479166666667
2025-12-29 23:14:21.620,1527.851851851852,1987.0740740740741,-1890.6666666666667,6312.185185185185,6701.958333333333
2025-12-29 23:14:21.640,1527.7777777777778,1987.611111111111,-1890.0,6309.277777777777,6701.4375
2025-12-29 23:14:21.660,1527.7037037037037,1988.148148148148,-1889.3333333333333,6306.37037037037,6700.916666666667
2025-12-29 23:14:21.680,1527.6296296296296,1988.6851851851852,-1888.6666666666667,6303.462962962963,6700.395833333333
2025-12-29 23:14:21.700,1527.5555555555557,1989.2222222222222,-1888.0,6300.555555555556,6699.875
2025-12-29 23:14:21.720,1527.4814814814815,1989.7592592592594,-1887.3333333333333,6297.648148148148,6699.354166666667
2025-12-29 23:14:21.740,1527.4074074074074,1990.2962962962963,-1886.6666666666667,6294.740740740741,6698.833333333333
2025-12-29 23:14:21.760,1527.3333333333333,1990.8333333333333,-1886.0,6291.833333333333,6698.3125
2025-12-29 23:14:21.780,1527.2592592592594,1991.3703703703704,-1885.3333333333333,6288.925925925926,6697.791666666667
2025-12-29 23:14:21.800,1527.1851851851852,1991.9074074074074,-1884.6666666666667,6286.018518518518,6697.270833333333
2025-12-29 23:14:21.820,1527.111111111111,1992.4444444444443,-1884.0,6283.111111111111,6696.75
2025-12-29 23:14:21.840,1527.037037037037,1992.9814814814815,-1883.3333333333333,6280.2037037037035,6696.229166666667
2025-12-29 23:14:21.860,1526.962962962963,1993.5185185185185,-1882.6666666666667,6277.2962962962965,6695.708333333333
2025-12-29 23:14:21.880,1526.888888888889,1994.0555555555557,-1882.0,6274.388888888889,6695.1875
2025-12-29 23:14:21.900,1526.8148148148148,1994.5925925925926,-1881.3333333333333,6271.481481481482,6694.666666666667
2025-12-29 23:14:21.920,1526.7407407407406,1995.1296296296296,-1880.6666666666667,6268.574074074074,6694.145833333333
2025-12-29 23:14:21.940,1526.6666666666667,1995.6666666666667,-1880.0,6265.666666666667,6693.625
2025-12-29 23:14:21.960,1526.5925925925926,1996.2037037037037,-1879.3333333333333,6262.759259259259,6693.104166666667
2025-12-29 23:14:21.980,1526.5185185185185,1996.7407407407406,-1878.6666666666667,6259.851851851852,6692.583333333333
2025-12-29 23:14:22.000,1526.4444444444443,1997.2777777777778,-1878.0,6256.944444444444,6692.0625
2025-12-29 23:14:22.020,1526.3703703703704,1997.8148148148148,-1877.3333333333333,6254.037037037037,6691.541666666667
2025-12-29 23:14:22.040,1526.2962962962963,1998.351851851852,-1876.6666666666667,6251.12962962963,6691.020833333333
2025-12-29 23:14:22.060,1526.2222222222222,1998.888888888889,-1876.0,6248.222222222223,6690.5
2025-12-29 23:14:22.080,1526.148148148148,1999.4259259259259,-1875.3333333333333,6245.314814814815,6689.979166666667
2025-12-29 23:14:22.100,1526.0740740740741,1999.962962962963,-1874.6666666666667,6242.407407407408,6689.458333333333
2025-12-29 23:14:22.120,1526.0,2000.5,-1874.0,6239.5,6688.9375
2025-12-29 23:14:22.140,1525.9259259259259,2001.037037037037,-1873.3333333333333,6236.592592592592,6688.416666666667
2025-12-29 23:14:22.160,1525.851851851852,2001.5740740740741,-1872.6666666666667,6233.685185185185,6687.895833333333
2025-12-29 23:14:22.180,1525.7777777777778,2002.111111111111,-1872.0,6230.777777777777,6687.375
2025-12-29 23:14:22.200,1525.7037037037037,2002.648148148148,-1871.3333333333333,6227.87037037037,6686.854166666667
2025-12-29 23:14:22.220,1525.6296296296296,2003.1851851851852,-1870.6666666666667,6224.962962962963,6686.333333333333
2025-12-29 23:14:22.240,1525.5555555555557,2003.7222222222222,-1870.0,6222.055555555556,6685.8125
2025-12-29 23:14:22.260,1525.4814814814815,2004.2592592592594,-1869.3333333333333,6219.148148148148,6685.291666666667
2025-12-29 23:14:22.280,1525.4074074074074,2004.7962962962963,-1868.6666666666667,6216.240740740741,6684.770833333333
2025-12-29 23:14:22.300,1525.3333333333333,2005.3333333333333,-1868.0,6213.333333333333,6684.25
2025-12-29 23:14:22.320,1525.2592592592594,2005.8703703703704,-1867.3333333333333,6210.425925925926,6683.729166666667
2025-12-29 23:14:22.340,1525.1851851851852,2006.4074074074074,-1866.6666666666667,6207.518518518518,6683.208333333333
2025-12-29 23:14:22.360,1525.111111111111,2006.9444444444443,-1866.0,6204.611111111111,6682.6875
2025-12-29 23:14:22.380,1525.037037037037,2007.4814814814815,-1865.3333333333333,6201.7037037037035,6682.166666666667
2025-12-29 23:14:22.400,1524.962962962963,2008.0185185185185,-1864.6666666666667,6198.7962962962965,6681.645833333333
2025-12-29 23:14:22.420,1524.888888888889,2008.5555555555557,-1864.0,6195.888888888889,6681.125
2025-12-29 23:14:22.440,1524.8148148148148,2009.0925925925926,-1863.3333333333333,6192.981481481482,6680.604166666667
2025-12-29 23:14:22.460,1524.7407407407406,2009.6296296296296,-1862.6666666666667,6190.074074074074,6680.083333333333
2025-12-29 23:14:22.480,1524.6666666666667,2010.1666666666667,-1862.0,6187.166666666667,6679.5625
2025-12-29 23:14:22.500,1524.5925925925926,2010.7037037037037,-1861.3333333333333,6184.259259259259,6679.041666666667
2025-12-29 23:14:22.520,1524.5185185185185,2011.2407407407406,-1860.6666666666667,6181.351851851852,6678.520833333333
2025-12-29 23:14:22.540,1524.4444444444443,2011.7777777777778,-1860.0,6178.444444444444,6678.0
2025-12-29 23:14:22.560,1524.3703703703704,2012.3148148148148,-1859.3333333333333,6175.537037037037,6672.392156862745
2025-12-29 23:14:22.580,1524.2962962962963,2012.851851851852,-1858.6666666666667,6172.62962962963,6666.78431372549
2025-12-29 23:14:22.600,1524.2222222222222,2013.388888888889,-1858.0,6169.722222222223,6661.176470588235
2025-12-29 23:14:22.620,1524.148148148148,2013.9259259259259,-1857.3333333333333,6166.814814814815,6655.568627450981
2025-12-29 23:14:22.640,1524.0740740740741,2014.462962962963,-1856.6666666666667,6163.907407407408,6649.9607843137255
2025-12-29 23:14:22.660,1524.0,2015.0,-1856.0,6161.0,6644.35294117647
2025-12-29 23:14:22.680,1569.9777777777779,2014.6666666666667,-1855.088888888889,6160.577777777778,6638.745098039216
2025-12-29 23:14:22.700,1615.9555555555555,2014.3333333333333,-1854.1777777777777,6160.155555555555,6633.137254901961
2025-12-29 23:14:22.720,1661.9333333333334,2014.0,-1853.2666666666667,6159.733333333334,6627.529411764706
2025-12-29 23:14:22.740,1707.911111111111,2013.6666666666667,-1852.3555555555556,6159.311111111111,6621.921568627451
2025-12-29 23:14:22.760,1753.888888888889,2013.3333333333333,-1851.4444444444443,6158.888888888889,6616.313725490196
2025-12-29 23:14:22.780,1799.8666666666668,2013.0,-1850.5333333333333,6158.466666666666,6610.705882352941
2025-12-29 23:14:22.800,1845.8444444444444,2012.6666666666667,-1849.6222222222223,6158.044444444445,6605.098039215686
2025-12-29 23:14:22.820,1891.822222222222,2012.3333333333333,-1848.7111111111112,6157.622222222222,6599.490196078432
2025-12-29 23:14:22.840,1937.8,2012.0,-1847.8,6157.2,6593.882352941177
2025-12-29 23:14:22.860,1983.7777777777778,2011.6666666666667,-1846.888888888889,6156.777777777777,6588.274509803921
2025-12-29 23:14:22.880,2029.7555555555555,2011.3333333333333,-1845.9777777777779,6156.355555555556,6582.666666666667
2025-12-29 23:14:22.900,2075.7333333333336,2011.0,-1845.0666666666666,6155.933333333333,6577.058823529412
2025-12-29 23:14:22.920,2121.711111111111,2010.6666666666667,-1844.1555555555556,6155.511111111111,6571.450980392156
2025-12-29 23:14:22.940,2167.688888888889,2010.3333333333333,-1843.2444444444445,6155.0888888888885,6565.843137254902
2025-12-29 23:14:22.960,2213.6666666666665,2010.0,-1842.3333333333333,6154.666666666667,6560.235294117647
2025-12-29 23:14:22.980,2259.644444444444,2009.6666666666667,-1841.4222222222222,6154.2444444444445,6554.6274509803925
2025-12-29 23:14:23.000,2305.6222222222223,2009.3333333333333,-1840.5111111111112,6153.822222222222,6549.019607843137
2025-12-29 23:14:23.020,2351.6,2009.0,-1839.6,6153.4,6543.411764705882
2025-12-29 23:14:23.040,2397.5777777777776,2008.6666666666667,-1838.6888888888889,6152.977777777778,6537.803921568628
2025-12-29 23:14:23.060,2443.5555555555557,2008.3333333333333,-1837.7777777777778,6152.555555555556,6532.196078431372
2025-12-29 23:14:23.080,2489.5333333333333,2008.0,-1836.8666666666666,6152.133333333333,6526.588235294118
2025-12-29 23:14:23.100,2535.511111111111,2007.6666666666667,-1835.9555555555555,6151.711111111111,6520.980392156863
2025-12-29 23:14:23.120,2581.488888888889,2007.3333333333333,-1835.0444444444445,6151.288888888889,6515.3725490196075
2025-12-29 23:14:23.140,2627.4666666666667,2007.0,-1834.1333333333334,6150.866666666667,6509.764705882353
2025-12-29 23:14:23.160,2673.4444444444443,2006.6666666666667,-1833.2222222222222,6150.444444444444,6504.156862745098
2025-12-29 23:14:23.180,2719.4222222222224,2006.3333333333333,-1832.3111111111111,6150.022222222222,6498.549019607844
2025-12-29 23:14:23.200,2765.3999999999996,2006.0,-1831.4,6149.6,6492.941176470588
2025-12-29 23:14:23.220,2811.3777777777777,2005.6666666666667,-1830.4888888888888,6149.177777777778,6487.333333333333
2025-12-29 23:14:23.240,2857.3555555555554,2005.3333333333333,-1829.5777777777778,6148.7555555555555,6481.725490196079
2025-12-29 23:14:23.260,2903.333333333333,2005.0,-1828.6666666666667,6148.333333333333,6476.117647058823
2025-12-29 23:14:23.280,2949.311111111111,2004.6666666666667,-1827.7555555555555,6147.9111111111115,6470.509803921569
2025-12-29 23:14:23.300,2995.288888888889,2004.3333333333333,-1826.8444444444444,6147.488888888889,6464.901960784314
2025-12-29 23:14:23.320,3041.2666666666664,2004.0,-1825.9333333333334,6147.066666666667,6459.294117647059
2025-12-29 23:14:23.340,3087.2444444444445,2003.6666666666667,-1825.0222222222221,6146.644444444444,6453.686274509804
2025-12-29 23:14:23.360,3133.222222222222,2003.3333333333333,-1824.111111111111,6146.222222222223,6448.078431372549
2025-12-29 23:14:23.380,3179.2,2003.0,-1823.2,6145.8,6442.470588235294
2025-12-29 23:14:23.400,3225.177777777778,2002.6666666666667,-1822.2888888888888,6145.377777777778,6436.862745098039
2025-12-29 23:14:23.420,3271.155555555555,2002.3333333333333,-1821.3777777777777,6144.955555555555,6431.254901960784
2025-12-29 23:14:23.440,3317.133333333333,2002.0,-1820.4666666666667,6144.533333333334,6425.64705882353
2025-12-29 23:14:23.460,3363.111111111111,2001.6666666666667,-1819.5555555555557,6144.111111111111,6420.0392156862745
2025-12-29 23:14:23.480,3409.0888888888885,2001.3333333333333,-1818.6444444444444,6143.688888888889,6414.431372549019
2025-12-29 23:14:23.500,3455.0666666666666,2001.0,-1817.7333333333333,6143.266666666666,6408.823529411765
2025-12-29 23:14:23.520,3501.0444444444443,2000.6666666666667,-1816.8222222222223,6142.844444444445,6403.21568627451
2025-12-29 23:14:23.540,3547.022222222222,2000.3333333333333,-1815.911111111111,6142.422222222222,6397.607843137255
2025-12-29 23:14:23.560,3593.0,2000.0,-1815.0,6142.0,6392.0
2025-12-29 23:14:23.580,3593.372549019608,1999.5294117647059,-1814.8235294117646,6141.254901960784,6388.274509803921
2025-12-29 23:14:23.600,3593.7450980392155,1999.0588235294117,-1814.6470588235295,6140.509803921569,6384.549019607844
2025-12-29 23:14:23.620,3594.1176470588234,1998.5882352941176,-1814.4705882352941,6139.764705882353,6380.823529411765
2025-12-29 23:14:23.640,3594.4901960784314,1998.1176470588234,-1814.2941176470588,6139.019607843137,6377.098039215686
2025-12-29 23:14:23.660,3594.8627450980393,1997.6470588235295,-1814.1176470588234,6138.274509803921,6373.3725490196075
2025-12-29 23:14:23.680,3595.235294117647,1997.1764705882354,-1813.9411764705883,6137.529411764706,6369.64705882353
2025-12-29 23:14:23.700,3595.607843137255,1996.7058823529412,-1813.764705882353,6136.78431372549,6365.921568627451
2025-12-29 23:14:23.720,3595.9803921568628,1996.235294117647,-1813.5882352941176,6136.0392156862745,6362.196078431372
2025-12-29 23:14:23.740,3596.3529411764707,1995.764705882353,-1813.4117647058824,6135.294117647059,6358.470588235294
2025-12-29 23:14:23.760,3596.725490196078,1995.2941176470588,-1813.235294117647,6134.549019607844,6354.745098039216
2025-12-29 23:14:23.780,3597.098039215686,1994.8235294117646,-1813.0588235294117,6133.803921568628,6351.019607843137
2025-12-29 23:14:23.800,3597.470588235294,1994.3529411764705,-1812.8823529411766,6133.058823529412,6347.294117647059
2025-12-29 23:14:23.820,3597.843137254902,1993.8823529411766,-1812.7058823529412,6132.313725490196,6343.568627450981
2025-12-29 23:14:23.840,3598.2156862745096,1993.4117647058824,-1812.5294117647059,6131.568627450981,6339.843137254902
2025-12-29 23:14:23.860,3598.5882352941176,1992.9411764705883,-1812.3529411764705,6130.823529411765,6336.117647058823
2025-12-29 23:14:23.880,3598.9607843137255,1992.4705882352941,-1812.1764705882354,6130.078431372549,6332.392156862745
2025-12-29 23:14:23.900,3599.3333333333335,1992.0,-1812.0,6129.333333333333,6328.666666666667
2025-12-29 23:14:23.920,3599.705882352941,1991.5294117647059,-1811.8235294117646,6128.588235294118,6324.941176470588
2025-12-29 23:14:23.940,3600.078431372549,1991.0588235294117,-1811.6470588235295,6127.843137254902,6321.21568627451
2025-12-29 23:14:23.960,3600.450980392157,1990.5882352941176,-1811.4705882352941,6127.098039215686,6317.490196078431
2025-12-29 23:14:23.980,3600.823529411765,1990.1176470588234,-1811.2941176470588,6126.35294117647,6313.764705882353
2025-12-29 23:14:24.000,3601.1960784313724,1989.6470588235295,-1811.1176470588234,6125.607843137255,6310.0392156862745
2025-12-29 23:14:24.020,3601.5686274509803,1989.1764705882354,-1810.9411764705883,6124.862745098039,6306.313725490196
2025-12-29 23:14:24.040,3601.9411764705883,1988.7058823529412,-1810.764705882353,6124.117647058823,6302.588235294118
2025-12-29 23:14:24.060,3602.3137254901962,1988.235294117647,-1810.5882352941176,6123.3725490196075,6298.862745098039
2025-12-29 23:14:24.080,3602.6862745098038,1987.764705882353,-1810.4117647058824,6122.6274509803925,6295.137254901961
2025-12-29 23:14:24.100,3603.0588235294117,1987.2941176470588,-1810.235294117647,6121.882352941177,6291.411764705882
2025-12-29 23:14:24.120,3603.4313725490197,1986.8235294117646,-1810.0588235294117,6121.137254901961,6287.686274509804
2025-12-29 23:14:24.140,3603.8039215686276,1986.3529411764705,-1809.8823529411766,6120.392156862745,6283.9607843137255
2025-12-29 23:14:24.160,3604.176470588235,1985.8823529411766,-1809.7058823529412,6119.64705882353,6280.235294117647
2025-12-29 23:14:24.180,3604.549019607843,1985.4117647058824,-1809.5294117647059,6118.901960784314,6276.509803921568
2025-12-29 23:14:24.200,3604.921568627451,1984.9411764705883,-1809.3529411764705,6118.156862745098,6272.78431372549
2025-12-29 23:14:24.220,3605.294117647059,1984.4705882352941,-1809.1764705882354,6117.411764705882,6269.058823529412
2025-12-29 23:14:24.240,3605.6666666666665,1984.0,-1809.0,6116.666666666667,6265.333333333333
2025-12-29 23:14:24.260,3606.0392156862745,1983.5294117647059,-1808.8235294117646,6115.921568627451,6261.607843137255
2025-12-29 23:14:24.280,3606.4117647058824,1983.0588235294117,-1808.6470588235295,6115.176470588235,6257.882352941177
2025-12-29 23:14:24.300,3606.7843137254904,1982.5882352941176,-1808.4705882352941,6114.431372549019,6254.156862745098
2025-12-29 23:14:24.320,3607.156862745098,1982.1176470588234,-1808.2941176470588,6113.686274509804,6250.431372549019
2025-12-29 23:14:24.340,3607.529411764706,1981.6470588235295,-1808.1176470588234,6112.941176470588,6246.705882352941
2025-12-29 23:14:24.360,3607.901960784314,1981.1764705882354,-1807.9411764705883,6112.196078431372,6242.980392156863
2025-12-29 23:14:24.380,3608.274509803922,1980.7058823529412,-1807.764705882353,6111.450980392156,6239.254901960784
2025-12-29 23:14:24.400,3608.6470588235293,1980.235294117647,-1807.5882352941176,6110.705882352941,6235.529411764706
2025-12-29 23:14:24.420,3609.0196078431372,1979.764705882353,-1807.4117647058824,6109.9607843137255,6231.803921568628
2025-12-29 23:14:24.440,3609.392156862745,1979.2941176470588,-1807.235294117647,6109.21568627451,6228.078431372549
2025-12-29 23:14:24.460,3609.764705882353,1978.8235294117646,-1807.0588235294117,6108.470588235294,6224.35294117647
2025-12-29 23:14:24.480,3610.1372549019607,1978.3529411764705,-1806.8823529411766,6107.725490196079,6220.6274509803925
2025-12-29 23:14:24.500,3610.5098039215686,1977.8823529411766,-1806.7058823529412,6106.980392156863,6216.901960784314
2025-12-29 23:14:24.520,3610.8823529411766,1977.4117647058824,-1806.5294117647059,6106.235294117647,6213.176470588235
2025-12-29 23:14:24.540,3611.2549019607845,1976.9411764705883,-1806.3529411764705,6105.490196078431,6209.450980392156
2025-12-29 23:14:24.560,3611.627450980392,1976.4705882352941,-1806.1764705882354,6104.745098039216,6205.725490196079
2025-12-29 23:14:24.580,3612.0,1976.0,-1806.0,6104.0,6202.0
2025-12-29 23:14:24.600,3612.0,1976.1041666666667,-1762.75,6103.5625,6200.666666666667
2025-12-29 23:14:24.620,3612.0,1976.2083333333333,-1719.5,6103.125,6199.333333333333
2025-12-29 23:14:24.640,3612.0,1976.3125,-1676.25,6102.6875,6198.0
2025-12-29 23:14:24.660,3612.0,1976.4166666666667,-1633.0,6102.25,6196.666666666667
2025-12-29 23:14:24.680,3612.0,1976.5208333333333,-1589.75,6101.8125,6195.333333333333
2025-12-29 23:14:24.700,3612.0,1976.625,-1546.5,6101.375,6194.0
2025-12-29 23:14:24.720,3612.0,1976.7291666666667,-1503.25,6100.9375,6192.666666666667
2025-12-29 23:14:24.740,3612.0,1976.8333333333333,-1460.0,6100.5,6191.333333333333
2025-12-29 23:14:24.760,3612.0,1976.9375,-1416.75,6100.0625,6190.0
2025-12-29 23:14:24.780,3612.0,1977.0416666666667,-1373.5,6099.625,6188.666666666667
2025-12-29 23:14:24.800,3612.0,1977.1458333333333,-1330.25,6099.1875,6187.333333333333
2025-12-29 23:14:24.820,3612.0,1977.25,-1287.0,6098.75,6186.0
2025-12-29 23:14:24.840,3612.0,1977.3541666666667,-1243.75,6098.3125,6184.666666666667
2025-12-29 23:14:24.860,3612.0,1977.4583333333333,-1200.5,6097.875,6183.333333333333
2025-12-29 23:14:24.880,3612.0,1977.5625,-1157.25,6097.4375,6182.0
2025-12-29 23:14:24.900,3612.0,1977.6666666666667,-1114.0,6097.0,6180.666666666667
2025-12-29 23:14:24.920,3612.0,1977.7708333333333,-1070.75,6096.5625,6179.333333333333
2025-12-29 23:14:24.940,3612.0,1977.875,-1027.5,6096.125,6178.0
2025-12-29 23:14:24.960,3612.0,1977.9791666666667,-984.25,6095.6875,6176.666666666667
2025-12-29 23:14:24.980,3612.0,1978.0833333333333,-941.0,6095.25,6175.333333333333
2025-12-29 23:14:25.000,3612.0,1978.1875,-897.75,6094.8125,6174.0
2025-12-29 23:14:25.020,3612.0,1978.2916666666667,-854.5,6094.375,6172.666666666667
2025-12-29 23:14:25.040,3612.0,1978.3958333333333,-811.25,6093.9375,6171.333333333333
2025-12-29 23:14:25.060,3612.0,1978.5,-768.0,6093.5,6170.0
2025-12-29 23:14:25.080,3612.0,1978.6041666666667,-724.75,6093.0625,6168.666666666667
2025-12-29 23:14:25.100,3612.0,1978.7083333333333,-681.5,6092.625,6167.333333333333
2025-12-29 23:14:25.120,3612.0,1978.8125,-638.25,6092.1875,6166.0
2025-12-29 23:14:25.140,3612.0,1978.9166666666667,-595.0,6091.75,6164.666666666667
2025-12-29 23:14:25.160,3612.0,1979.0208333333333,-551.75,6091.3125,6163.333333333333
2025-12-29 23:14:25.180,3612.0,1979.125,-508.5,6090.875,6162.0
2025-12-29 23:14:25.200,3612.0,1979.2291666666667,-465.25,6090.4375,6160.666666666667
2025-12-29 23:14:25.220,3612.0,1979.3333333333333,-422.0,6090.0,6159.333333333333
2025-12-29 23:14:25.240,3612.0,1979.4375,-378.75,6089.5625,6158.0
2025-12-29 23:14:25.260,3612.0,1979.5416666666667,-335.5,6089.125,6156.666666666667
2025-12-29 23:14:25.280,3612.0,1979.6458333333333,-292.25,6088.6875,6155.333333333333
2025-12-29 23:14:25.300,3612.0,1979.75,-249.0,6088.25,6154.0
2025-12-29 23:14:25.320,3612.0,1979.8541666666667,-205.75,6087.8125,6152.666666666667
2025-12-29 23:14:25.340,3612.0,1979.9583333333333,-162.5,6087.375,6151.333333333333
2025-12-29 23:14:25.360,3612.0,1980.0625,-119.25,6086.9375,6150.0
2025-12-29 23:14:25.380,3612.0,1980.1666666666667,-76.0,6086.5,6148.666666666667
2025-12-29 23:14:25.400,3612.0,1980.2708333333333,-32.75,6086.0625,6147.333333333333
2025-12-29 23:14:25.420,3612.0,1980.375,10.5,6085.625,6146.0
2025-12-29 23:14:25.440,3612.0,1980.4791666666667,53.75,6085.1875,6144.666666666667
2025-12-29 23:14:25.460,3612.0,1980.5833333333333,97.0,6084.75,6143.333333333333
2025-12-29 23:14:25.480,3612.0,1980.6875,140.25,6084.3125,6142.0
2025-12-29 23:14:25.500,3612.0,1980.7916666666667,183.5,6083.875,6140.666666666667
2025-12-29 23:14:25.520,3612.0,1980.8958333333333,226.75,6083.4375,6139.333333333333
2025-12-29 23:14:25.540,3612.0,1981.0,270.0,6083.0,6138.0
