accX,accY,accZ
1990.0,111.0,-1596.0
1990.2708333333333,69.5,-1596.125
1990.5416666666667,28.0,-1596.25
1990.8125,-13.5,-1596.375
1991.0833333333333,-55.0,-1596.5
1991.3541666666667,-96.5,-1596.625
1991.625,-138.0,-1596.75
1991.8958333333333,-179.5,-1596.875
1992.1666666666667,-221.0,-1597.0
1992.4375,-262.5,-1597.125
1992.7083333333333,-304.0,-1597.25
1992.9791666666667,-345.5,-1597.375
1993.25,-387.0,-1597.5
1993.5208333333333,-428.5,-1597.625
1993.7916666666667,-470.0,-1597.75
1994.0625,-511.5,-1597.875
1994.3333333333333,-553.0,-1598.0
1994.6041666666667,-594.5,-1598.125
1994.875,-636.0,-1598.25
1995.1458333333333,-677.5,-1598.375
1995.4166666666667,-719.0,-1598.5
1995.6875,-760.5,-1598.625
1995.9583333333333,-802.0,-1598.75
1996.2291666666667,-843.5,-1598.875
1996.5,-885.0,-1599.0
1996.7708333333333,-926.5,-1599.125
1997.0416666666667,-968.0,-1599.25
1997.3125,-1009.5,-1599.375
1997.5833333333333,-1051.0,-1599.5
1997.8541666666667,-1092.5,-1599.625
1998.125,-1134.0,-1599.75
1998.3958333333333,-1175.5,-1599.875
1998.6666666666667,-1217.0,-1600.0
1998.9375,-1258.5,-1600.125
1999.2083333333333,-1300.0,-1600.25
1999.4791666666667,-1341.5,-1600.375
1999.75,-1383.0,-1600.5
2000.0208333333333,-1424.5,-1600.625
2000.2916666666667,-1466.0,-1600.75
2000.5625,-1507.5,-1600.875
2000.8333333333333,-1549.0,-1601.0
2001.1041666666667,-1590.5,-1601.125
2001.375,-1632.0,-1601.25
2001.6458333333333,-1673.5,-1601.375
2001.9166666666667,-1715.0,-1601.5
2002.1875,-1756.5,-1601.625
2002.4583333333333,-1798.0,-1601.75
2002.7291666666667,-1839.5,-1601.875
2003.0,-1881.0,-1602.0
2002.7843137254902,-1881.3725490196077,-1602.0980392156862
2002.5686274509803,-1881.7450980392157,-1602.1960784313726
2002.3529411764705,-1882.1176470588234,-1602.2941176470588
2002.137254901961,-1882.4901960784314,-1602.3921568627452
2001.921568627451,-1882.862745098039,-1602.4901960784314
2001.7058823529412,-1883.235294117647,-1602.5882352941176
2001.4901960784314,-1883.6078431372548,-1602.686274509804
2001.2745098039215,-1883.9803921568628,-1602.7843137254902
2001.0588235294117,-1884.3529411764705,-1602.8823529411766
2000.8431372549019,-1884.7254901960785,-1602.9803921568628
2000.6274509803923,-1885.0980392156862,-1603.078431372549
2000.4117647058824,-1885.4705882352941,-1603.1764705882354
2000.1960784313726,-1885.8431372549019,-1603.2745098039215
1999.9803921568628,-1886.2156862745098,-1603.3725490196077
1999.764705882353,-1886.5882352941176,-1603.4705882352941
1999.549019607843,-1886.9607843137255,-1603.5686274509803
1999.3333333333333,-1887.3333333333333,-1603.6666666666667
1999.1176470588234,-1887.7058823529412,-1603.764705882353
1998.9019607843138,-1888.078431372549,-1603.862745098039
1998.686274509804,-1888.450980392157,-1603.9607843137255
1998.4705882352941,-1888.8235294117646,-1604.0588235294117
1998.2549019607843,-1889.1960784313726,-1604.1568627450981
1998.0392156862745,-1889.5686274509803,-1604.2549019607843
1997.8235294117646,-1889.9411764705883,-1604.3529411764705
1997.6078431372548,-1890.313725490196,-1604.450980392157
1997.3921568627452,-1890.686274509804,-1604.549019607843
1997.1764705882354,-1891.0588235294117,-1604.6470588235295
1996.9607843137255,-1891.4313725490197,-1604.7450980392157
1996.7450980392157,-1891.8039215686274,-1604.8431372549019
1996.5294117647059,-1892.1764705882354,-1604.9411764705883
1996.313725490196,-1892.549019607843,-1605.0392156862745
1996.0980392156862,-1892.921568627451,-1605.137254901961
1995.8823529411766,-1893.2941176470588,-1605.235294117647
1995.6666666666667,-1893.6666666666667,-1605.3333333333333
1995.450980392157,-1894.0392156862745,-1605.4313725490197
1995.235294117647,-1894.4117647058824,-1605.5294117647059
1995.0196078431372,-1894.7843137254902,-1605.6274509803923
1994.8039215686274,-1895.1568627450981,-1605.7254901960785
1994.5882352941176,-1895.5294117647059,-1605.8235294117646
1994.3725490196077,-1895.9019607843138,-1605.921568627451
1994.1568627450981,-1896.2745098039215,-1606.0196078431372
1993.9411764705883,-1896.6470588235295,-1606.1176470588234
1993.7254901960785,-1897.0196078431372,-1606.2156862745098
1993.5098039215686,-1897.3921568627452,-1606.313725490196
1993.2941176470588,-1897.764705882353,-1606.4117647058824
1993.078431372549,-1898.137254901961,-1606.5098039215686
1992.862745098039,-1898.5098039215686,-1606.6078431372548
1992.6470588235295,-1898.8823529411766,-1606.7058823529412
1992.4313725490197,-1899.2549019607843,-1606.8039215686274
1992.2156862745098,-1899.6274509803923,-1606.9019607843138
1992.0,-1900.0,-1607.0
1953.0980392156862,-1900.235294117647,-1607.1568627450981
1914.1960784313726,-1900.4705882352941,-1607.313725490196
1875.2941176470588,-1900.7058823529412,-1607.4705882352941
1836.3921568627452,-1900.9411764705883,-1607.6274509803923
1797.4901960784314,-1901.1764705882354,-1607.7843137254902
1758.5882352941176,-1901.4117647058824,-1607.9411764705883
1719.686274509804,-1901.6470588235295,-1608.0980392156862
1680.7843137254902,-1901.8823529411766,-1608.2549019607843
1641.8823529411766,-1902.1176470588234,-1608.4117647058824
1602.9803921568628,-1902.3529411764705,-1608.5686274509803
1564.078431372549,-1902.5882352941176,-1608.7254901960785
1525.1764705882354,-1902.8235294117646,-1608.8823529411766
1486.2745098039215,-1903.0588235294117,-1609.0392156862745
1447.372549019608,-1903.2941176470588,-1609.1960784313726
1408.4705882352941,-1903.5294117647059,-1609.3529411764705
1369.5686274509803,-1903.764705882353,-1609.5098039215686
1330.6666666666667,-1904.0,-1609.6666666666667
1291.7647058823532,-1904.235294117647,-1609.8235294117646
1252.8627450980393,-1904.4705882352941,-1609.9803921568628
1213.9607843137255,-1904.7058823529412,-1610.137254901961
1175.0588235294117,-1904.9411764705883,-1610.2941176470588
1136.1568627450981,-1905.1764705882354,-1610.450980392157
1097.2549019607845,-1905.4117647058824,-1610.6078431372548
1058.3529411764707,-1905.6470588235295,-1610.764705882353
1019.4509803921569,-1905.8823529411766,-1610.921568627451
980.5490196078432,-1906.1176470588234,-1611.078431372549
941.6470588235295,-1906.3529411764705,-1611.235294117647
902.7450980392157,-1906.5882352941176,-1611.3921568627452
863.8431372549021,-1906.8235294117646,-1611.549019607843
824.9411764705883,-1907.0588235294117,-1611.7058823529412
786.0392156862747,-1907.2941176470588,-1611.862745098039
747.1372549019609,-1907.5294117647059,-1612.0196078431372
708.2352941176471,-1907.764705882353,-1612.1764705882354
669.3333333333335,-1908.0,-1612.3333333333333
630.4313725490197,-1908.235294117647,-1612.4901960784314
591.5294117647061,-1908.4705882352941,-1612.6470588235295
552.6274509803923,-1908.7058823529412,-1612.8039215686274
513.7254901960785,-1908.9411764705883,-1612.9607843137255
474.82352941176487,-1909.1764705882354,-1613.1176470588234
435.92156862745105,-1909.4117647058824,-1613.2745098039215
397.01960784313746,-1909.6470588235295,-1613.4313725490197
358.11764705882365,-1909.8823529411766,-1613.5882352941176
319.21568627450984,-1910.1176470588234,-1613.7450980392157
280.31372549019625,-1910.3529411764705,-1613.9019607843138
241.41176470588243,-1910.5882352941176,-1614.0588235294117
202.50980392156885,-1910.8235294117646,-1614.2156862745098
163.60784313725503,-1911.0588235294117,-1614.3725490196077
124.70588235294144,-1911.2941176470588,-1614.5294117647059
85.80392156862763,-1911.5294117647059,-1614.686274509804
46.901960784313815,-1911.764705882353,-1614.8431372549019
8.0,-1912.0,-1615.0
49.833333333333336,-1911.9583333333333,-1616.0208333333333
91.66666666666667,-1911.9166666666667,-1617.0416666666667
133.5,-1911.875,-1618.0625
175.33333333333334,-1911.8333333333333,-1619.0833333333333
217.16666666666669,-1911.7916666666667,-1620.1041666666667
259.0,-1911.75,-1621.125
300.83333333333337,-1911.7083333333333,-1622.1458333333333
342.6666666666667,-1911.6666666666667,-1623.1666666666667
384.5,-1911.625,-1624.1875
426.33333333333337,-1911.5833333333333,-1625.2083333333333
468.1666666666667,-1911.5416666666667,-1626.2291666666667
510.0,-1911.5,-1627.25
551.8333333333334,-1911.4583333333333,-1628.2708333333333
593.6666666666667,-1911.4166666666667,-1629.2916666666667
635.5,-1911.375,-1630.3125
677.3333333333334,-1911.3333333333333,-1631.3333333333333
719.1666666666667,-1911.2916666666667,-1632.3541666666667
761.0,-1911.25,-1633.375
802.8333333333334,-1911.2083333333333,-1634.3958333333333
844.6666666666667,-1911.1666666666667,-1635.4166666666667
886.5,-1911.125,-1636.4375
928.3333333333334,-1911.0833333333333,-1637.4583333333333
970.1666666666667,-1911.0416666666667,-1638.4791666666667
1012.0,-1911.0,-1639.5
1053.8333333333335,-1910.9583333333333,-1640.5208333333333
1095.6666666666667,-1910.9166666666667,-1641.5416666666667
1137.5,-1910.875,-1642.5625
1179.3333333333335,-1910.8333333333333,-1643.5833333333333
1221.1666666666667,-1910.7916666666667,-1644.6041666666667
1263.0,-1910.75,-1645.625
1304.8333333333335,-1910.7083333333333,-1646.6458333333333
1346.6666666666667,-1910.6666666666667,-1647.6666666666667
1388.5,-1910.625,-1648.6875
1430.3333333333335,-1910.5833333333333,-1649.7083333333333
1472.1666666666667,-1910.5416666666667,-1650.7291666666667
1514.0,-1910.5,-1651.75
1555.8333333333335,-1910.4583333333333,-1652.7708333333333
1597.6666666666667,-1910.4166666666667,-1653.7916666666667
1639.5,-1910.375,-1654.8125
1681.3333333333335,-1910.3333333333333,-1655.8333333333333
1723.1666666666667,-1910.2916666666667,-1656.8541666666667
1765.0,-1910.25,-1657.875
1806.8333333333335,-1910.2083333333333,-1658.8958333333333
1848.6666666666667,-1910.1666666666667,-1659.9166666666667
1890.5,-1910.125,-1660.9375
1932.3333333333335,-1910.0833333333333,-1661.9583333333333
1974.1666666666667,-1910.0416666666667,-1662.9791666666667
2016.0,-1910.0,-1664.0
1977.0980392156862,-1910.0,-1620.235294117647
1938.1960784313726,-1910.0,-1576.4705882352941
1899.2941176470588,-1910.0,-1532.7058823529412
1860.3921568627452,-1910.0,-1488.9411764705883
1821.4901960784314,-1910.0,-1445.1764705882354
1782.5882352941176,-1910.0,-1401.4117647058824
1743.686274509804,-1910.0,-1357.6470588235293
1704.7843137254902,-1910.0,-1313.8823529411766
1665.8823529411766,-1910.0,-1270.1176470588234
1626.9803921568628,-1910.0,-1226.3529411764707
1588.078431372549,-1910.0,-1182.5882352941176
1549.1764705882354,-1910.0,-1138.8235294117646
1510.2745098039215,-1910.0,-1095.0588235294117
1471.372549019608,-1910.0,-1051.2941176470588
1432.4705882352941,-1910.0,-1007.5294117647059
1393.5686274509803,-1910.0,-963.7647058823529
1354.6666666666667,-1910.0,-920.0
1315.7647058823532,-1910.0,-876.2352941176471
1276.8627450980393,-1910.0,-832.4705882352941
1237.9607843137255,-1910.0,-788.7058823529412
1199.0588235294117,-1910.0,-744.9411764705882
1160.1568627450981,-1910.0,-701.1764705882352
1121.2549019607845,-1910.0,-657.4117647058823
1082.3529411764707,-1910.0,-613.6470588235293
1043.450980392157,-1910.0,-569.8823529411764
1004.5490196078432,-1910.0,-526.1176470588234
965.6470588235295,-1910.0,-482.3529411764705
926.7450980392157,-1910.0,-438.58823529411757
887.8431372549021,-1910.0,-394.82352941176464
848.9411764705883,-1910.0,-351.0588235294117
810.0392156862747,-1910.0,-307.2941176470588
771.1372549019609,-1910.0,-263.52941176470586
732.2352941176471,-1910.0,-219.76470588235293
693.3333333333335,-1910.0,-176.0
654.4313725490197,-1910.0,-132.23529411764707
615.5294117647061,-1910.0,-88.47058823529414
576.6274509803923,-1910.0,-44.70588235294122
537.7254901960785,-1910.0,-0.9411764705882888
498.82352941176487,-1910.0,42.82352941176464
459.92156862745105,-1910.0,86.58823529411757
421.01960784313746,-1910.0,130.35294117647072
382.11764705882365,-1910.0,174.11764705882365
343.21568627450984,-1910.0,217.88235294117658
304.31372549019625,-1910.0,261.6470588235295
265.41176470588243,-1910.0,305.41176470588243
226.50980392156885,-1910.0,349.17647058823536
187.60784313725503,-1910.0,392.9411764705883
148.70588235294144,-1910.0,436.70588235294144
109.80392156862763,-1910.0,480.47058823529414
70.90196078431381,-1910.0,524.2352941176473
32.0,-1910.0,568.0
71.05882352941177,-1909.9411764705883,524.9803921568628
110.11764705882354,-1909.8823529411766,481.96078431372547
149.1764705882353,-1909.8235294117646,438.94117647058823
188.23529411764707,-1909.764705882353,395.92156862745094
227.29411764705884,-1909.7058823529412,352.9019607843137
266.3529411764706,-1909.6470588235295,309.88235294117646
305.4117647058824,-1909.5882352941176,266.86274509803917
344.47058823529414,-1909.5294117647059,223.84313725490193
383.5294117647059,-1909.4705882352941,180.8235294117647
422.5882352941177,-1909.4117647058824,137.8039215686274
461.64705882352945,-1909.3529411764705,94.78431372549016
500.7058823529412,-1909.2941176470588,51.76470588235293
539.7647058823529,-1909.235294117647,8.74509803921569
578.8235294117648,-1909.1764705882354,-34.27450980392166
617.8823529411766,-1909.1176470588234,-77.2941176470589
656.9411764705883,-1909.0588235294117,-120.31372549019613
696.0,-1909.0,-163.33333333333337
735.0588235294118,-1908.9411764705883,-206.3529411764706
774.1176470588236,-1908.8823529411766,-249.37254901960796
813.1764705882354,-1908.8235294117646,-292.3921568627452
852.2352941176471,-1908.764705882353,-335.41176470588243
891.2941176470589,-1908.7058823529412,-378.43137254901967
930.3529411764707,-1908.6470588235295,-421.4509803921569
969.4117647058824,-1908.5882352941176,-464.47058823529414
1008.4705882352941,-1908.5294117647059,-507.4901960784314
1047.5294117647059,-1908.4705882352941,-550.5098039215686
1086.5882352941178,-1908.4117647058824,-593.5294117647061
1125.6470588235295,-1908.3529411764705,-636.5490196078433
1164.7058823529412,-1908.2941176470588,-679.5686274509806
1203.7647058823532,-1908.235294117647,-722.5882352941178
1242.8235294117649,-1908.1764705882354,-765.607843137255
1281.8823529411766,-1908.1176470588234,-808.6274509803923
1320.9411764705883,-1908.0588235294117,-851.6470588235295
1360.0,-1908.0,-894.6666666666667
1399.058823529412,-1907.9411764705883,-937.686274509804
1438.1176470588236,-1907.8823529411766,-980.7058823529412
1477.1764705882354,-1907.8235294117646,-1023.7254901960785
1516.2352941176473,-1907.764705882353,-1066.745098039216
1555.294117647059,-1907.7058823529412,-1109.7647058823532
1594.3529411764707,-1907.6470588235295,-1152.7843137254904
1633.4117647058824,-1907.5882352941176,-1195.8039215686276
1672.4705882352941,-1907.5294117647059,-1238.8235294117649
1711.529411764706,-1907.4705882352941,-1281.843137254902
1750.5882352941178,-1907.4117647058824,-1324.8627450980393
1789.6470588235295,-1907.3529411764705,-1367.8823529411766
1828.7058823529414,-1907.2941176470588,-1410.9019607843138
1867.7647058823532,-1907.235294117647,-1453.921568627451
1906.8235294117649,-1907.1764705882354,-1496.9411764705883
1945.8823529411766,-1907.1176470588234,-1539.9607843137255
1984.9411764705883,-1907.0588235294117,-1582.9803921568628
2024.0,-1907.0,-1626.0
2024.078431372549,-1905.9411764705883,-1625.0196078431372
2024.1568627450981,-1904.8823529411766,-1624.0392156862745
2024.235294117647,-1903.8235294117646,-1623.0588235294117
2024.313725490196,-1902.764705882353,-1622.078431372549
2024.3921568627452,-1901.7058823529412,-1621.0980392156862
2024.4705882352941,-1900.6470588235295,-1620.1176470588234
2024.549019607843,-1899.5882352941176,-1619.137254901961
2024.6274509803923,-1898.5294117647059,-1618.1568627450981
2024.7058823529412,-1897.4705882352941,-1617.1764705882354
2024.7843137254902,-1896.4117647058824,-1616.1960784313726
2024.862745098039,-1895.3529411764705,-1615.2156862745098
2024.9411764705883,-1894.2941176470588,-1614.235294117647
2025.0196078431372,-1893.235294117647,-1613.2549019607843
2025.0980392156862,-1892.1764705882354,-1612.2745098039215
2025.1764705882354,-1891.1176470588234,-1611.2941176470588
2025.2549019607843,-1890.0588235294117,-1610.313725490196
2025.3333333333333,-1889.0,-1609.3333333333333
2025.4117647058824,-1887.9411764705883,-1608.3529411764705
2025.4901960784314,-1886.8823529411766,-1607.372549019608
2025.5686274509803,-1885.8235294117646,-1606.3921568627452
2025.6470588235295,-1884.764705882353,-1605.4117647058824
2025.7254901960785,-1883.7058823529412,-1604.4313725490197
2025.8039215686274,-1882.6470588235295,-1603.450980392157
2025.8823529411766,-1881.5882352941176,-1602.4705882352941
2025.9607843137255,-1880.5294117647059,-1601.4901960784314
2026.0392156862745,-1879.4705882352941,-1600.5098039215686
2026.1176470588234,-1878.4117647058824,-1599.5294117647059
2026.1960784313726,-1877.3529411764705,-1598.549019607843
2026.2745098039215,-1876.2941176470588,-1597.5686274509803
2026.3529411764705,-1875.235294117647,-1596.5882352941176
2026.4313725490197,-1874.1764705882354,-1595.6078431372548
2026.5098039215686,-1873.1176470588234,-1594.6274509803923
2026.5882352941176,-1872.0588235294117,-1593.6470588235295
2026.6666666666667,-1871.0,-1592.6666666666667
2026.7450980392157,-1869.9411764705883,-1591.686274509804
2026.8235294117646,-1868.8823529411766,-1590.7058823529412
2026.9019607843138,-1867.8235294117646,-1589.7254901960785
2026.9803921568628,-1866.764705882353,-1588.7450980392157
2027.0588235294117,-1865.7058823529412,-1587.764705882353
2027.137254901961,-1864.6470588235295,-1586.7843137254902
2027.2156862745098,-1863.5882352941176,-1585.8039215686274
2027.2941176470588,-1862.5294117647059,-1584.8235294117646
2027.3725490196077,-1861.4705882352941,-1583.8431372549019
2027.450980392157,-1860.4117647058824,-1582.862745098039
2027.5294117647059,-1859.3529411764705,-1581.8823529411766
2027.6078431372548,-1858.2941176470588,-1580.9019607843138
2027.686274509804,-1857.235294117647,-1579.921568627451
2027.764705882353,-1856.1764705882354,-1578.9411764705883
2027.8431372549019,-1855.1176470588234,-1577.9607843137255
2027.921568627451,-1854.0588235294117,-1576.9803921568628
2028.0,-1853.0,-1576.0
2027.7450980392157,-1853.686274509804,-1576.7254901960785
2027.4901960784314,-1854.3725490196077,-1577.450980392157
2027.235294117647,-1855.0588235294117,-1578.1764705882354
2026.9803921568628,-1855.7450980392157,-1578.9019607843138
2026.7254901960785,-1856.4313725490197,-1579.6274509803923
2026.4705882352941,-1857.1176470588234,-1580.3529411764705
2026.2156862745098,-1857.8039215686274,-1581.078431372549
2025.9607843137255,-1858.4901960784314,-1581.8039215686274
2025.7058823529412,-1859.1764705882354,-1582.5294117647059
2025.450980392157,-1859.862745098039,-1583.2549019607843
2025.1960784313726,-1860.549019607843,-1583.9803921568628
2024.9411764705883,-1861.235294117647,-1584.7058823529412
2024.686274509804,-1861.921568627451,-1585.4313725490197
2024.4313725490197,-1862.6078431372548,-1586.1568627450981
2024.1764705882354,-1863.2941176470588,-1586.8823529411766
2023.921568627451,-1863.9803921568628,-1587.6078431372548
2023.6666666666667,-1864.6666666666667,-1588.3333333333333
2023.4117647058824,-1865.3529411764705,-1589.0588235294117
2023.1568627450981,-1866.0392156862745,-1589.7843137254902
2022.9019607843138,-1866.7254901960785,-1590.5098039215686
2022.6470588235295,-1867.4117647058824,-1591.235294117647
2022.3921568627452,-1868.0980392156862,-1591.9607843137255
2022.137254901961,-1868.7843137254902,-1592.686274509804
2021.8823529411766,-1869.4705882352941,-1593.4117647058824
2021.6274509803923,-1870.1568627450981,-1594.137254901961
2021.3725490196077,-1870.8431372549019,-1594.862745098039
2021.1176470588234,-1871.5294117647059,-1595.5882352941176
2020.862745098039,-1872.2156862745098,-1596.313725490196
2020.6078431372548,-1872.9019607843138,-1597.0392156862745
2020.3529411764705,-1873.5882352941176,-1597.764705882353
2020.0980392156862,-1874.2745098039215,-1598.4901960784314
2019.8431372549019,-1874.9607843137255,-1599.2156862745098
2019.5882352941176,-1875.6470588235295,-1599.9411764705883
2019.3333333333333,-1876.3333333333333,-1600.6666666666667
2019.078431372549,-1877.0196078431372,-1601.3921568627452
2018.8235294117646,-1877.7058823529412,-1602.1176470588234
2018.5686274509803,-1878.3921568627452,-1602.8431372549019
2018.313725490196,-1879.078431372549,-1603.5686274509803
2018.0588235294117,-1879.764705882353,-1604.2941176470588
2017.8039215686274,-1880.450980392157,-1605.0196078431372
2017.549019607843,-1881.137254901961,-1605.7450980392157
2017.2941176470588,-1881.8235294117646,-1606.4705882352941
2017.0392156862745,-1882.5098039215686,-1607.1960784313726
2016.7843137254902,-1883.1960784313726,-1607.921568627451
2016.5294117647059,-1883.8823529411766,-1608.6470588235295
2016.2745098039215,-1884.5686274509803,-1609.372549019608
2016.0196078431372,-1885.2549019607843,-1610.0980392156862
2015.764705882353,-1885.9411764705883,-1610.8235294117646
2015.5098039215686,-1886.627450980392,-1611.549019607843
2015.2549019607843,-1887.313725490196,-1612.2745098039215
2015.0,-1888.0,-1613.0
1978.6666666666667,-1850.851851851852,-1612.7592592592594
1942.3333333333333,-1813.7037037037037,-1612.5185185185185
1906.0,-1776.5555555555557,-1612.2777777777778
1869.6666666666667,-1739.4074074074074,-1612.037037037037
1833.3333333333333,-1702.2592592592594,-1611.7962962962963
1797.0,-1665.111111111111,-1611.5555555555557
1760.6666666666667,-1627.962962962963,-1611.3148148148148
1724.3333333333333,-1590.8148148148148,-1611.0740740740741
1688.0,-1553.6666666666667,-1610.8333333333333
1651.6666666666665,-1516.5185185185185,-1610.5925925925926
1615.3333333333333,-1479.3703703703704,-1610.351851851852
1579.0,-1442.2222222222222,-1610.111111111111
1542.6666666666665,-1405.0740740740741,-1609.8703703703704
1506.3333333333333,-1367.925925925926,-1609.6296296296296
1470.0,-1330.7777777777778,-1609.388888888889
1433.6666666666665,-1293.6296296296296,-1609.148148148148
1397.3333333333333,-1256.4814814814815,-1608.9074074074074
1361.0,-1219.3333333333335,-1608.6666666666667
1324.6666666666665,-1182.1851851851852,-1608.4259259259259
1288.3333333333333,-1145.037037037037,-1608.1851851851852
1252.0,-1107.888888888889,-1607.9444444444443
1215.6666666666665,-1070.7407407407409,-1607.7037037037037
1179.3333333333333,-1033.5925925925926,-1607.462962962963
1143.0,-996.4444444444446,-1607.2222222222222
1106.6666666666665,-959.2962962962964,-1606.9814814814815
1070.3333333333333,-922.1481481481483,-1606.7407407407406
1034.0,-885.0000000000001,-1606.5
997.6666666666666,-847.851851851852,-1606.2592592592594
961.3333333333333,-810.7037037037037,-1606.0185185185185
925.0,-773.5555555555557,-1605.7777777777778
888.6666666666665,-736.4074074074074,-1605.537037037037
852.3333333333333,-699.2592592592594,-1605.2962962962963
816.0,-662.1111111111113,-1605.0555555555557
779.6666666666665,-624.962962962963,-1604.8148148148148
743.3333333333333,-587.814814814815,-1604.5740740740741
707.0,-550.6666666666667,-1604.3333333333333
670.6666666666665,-513.5185185185187,-1604.0925925925926
634.3333333333333,-476.37037037037044,-1603.851851851852
598.0,-439.2222222222224,-1603.611111111111
561.6666666666665,-402.07407407407413,-1603.3703703703704
525.3333333333333,-364.9259259259261,-1603.1296296296296
489.0,-327.7777777777778,-1602.888888888889
452.6666666666665,-290.6296296296298,-1602.648148148148
416.33333333333326,-253.48148148148152,-1602.4074074074074
380.0,-216.33333333333348,-1602.1666666666667
343.6666666666665,-179.18518518518522,-1601.9259259259259
307.33333333333326,-142.03703703703718,-1601.6851851851852
271.0,-104.88888888888914,-1601.4444444444443
234.66666666666652,-67.74074074074088,-1601.2037037037037
198.33333333333326,-30.592592592592837,-1600.962962962963
161.99999999999977,6.555555555555429,-1600.7222222222222
125.66666666666652,43.70370370370347,-1600.4814814814815
89.33333333333326,80.85185185185173,-1600.2407407407406
53.0,118.0,-1600.0
100.38095238095238,118.04761904761905,-1599.4285714285713
147.76190476190476,118.0952380952381,-1598.857142857143
195.14285714285714,118.14285714285714,-1598.2857142857142
242.52380952380952,118.19047619047619,-1597.7142857142858
289.9047619047619,118.23809523809524,-1597.142857142857
337.2857142857143,118.28571428571429,-1596.5714285714287
384.66666666666663,118.33333333333333,-1596.0
432.04761904761904,118.38095238095238,-1595.4285714285713
479.42857142857144,118.42857142857143,-1594.857142857143
526.8095238095239,118.47619047619048,-1594.2857142857142
574.1904761904761,118.52380952380952,-1593.7142857142858
621.5714285714286,118.57142857142857,-1593.142857142857
668.952380952381,118.61904761904762,-1592.5714285714287
716.3333333333333,118.66666666666667,-1592.0
763.7142857142857,118.71428571428571,-1591.4285714285713
811.0952380952381,118.76190476190476,-1590.857142857143
858.4761904761905,118.80952380952381,-1590.2857142857142
905.8571428571429,118.85714285714286,-1589.7142857142858
953.2380952380952,118.9047619047619,-1589.142857142857
1000.6190476190476,118.95238095238095,-1588.5714285714287
1048.0,119.0,-1588.0
1095.3809523809523,119.04761904761905,-1587.4285714285713
1142.7619047619048,119.0952380952381,-1586.857142857143
1190.142857142857,119.14285714285714,-1586.2857142857142
1237.5238095238094,119.19047619047619,-1585.7142857142858
1284.904761904762,119.23809523809524,-1585.142857142857
1332.2857142857142,119.28571428571429,-1584.5714285714287
1379.6666666666665,119.33333333333333,-1584.0
1427.047619047619,119.38095238095238,-1583.4285714285713
1474.4285714285713,119.42857142857143,-1582.857142857143
1521.8095238095239,119.47619047619048,-1582.2857142857142
1569.1904761904761,119.52380952380952,-1581.7142857142858
1616.5714285714284,119.57142857142857,-1581.142857142857
1663.952380952381,119.61904761904762,-1580.5714285714287
1711.3333333333333,119.66666666666667,-1580.0
1758.7142857142858,119.71428571428571,-1579.4285714285713
1806.095238095238,119.76190476190476,-1578.857142857143
1853.4761904761904,119.80952380952381,-1578.2857142857142
1900.857142857143,119.85714285714286,-1577.7142857142858
1948.2380952380952,119.9047619047619,-1577.142857142857
1995.6190476190475,119.95238095238095,-1576.5714285714287
2043.0,120.0,-1576.0
2042.1568627450981,80.92156862745098,-1576.1960784313726
2041.313725490196,41.84313725490196,-1576.3921568627452
2040.4705882352941,2.764705882352942,-1576.5882352941176
2039.6274509803923,-36.31372549019608,-1576.7843137254902
2038.7843137254902,-75.39215686274508,-1576.9803921568628
2037.9411764705883,-114.47058823529412,-1577.1764705882354
2037.0980392156862,-153.54901960784315,-1577.3725490196077
2036.2549019607843,-192.62745098039215,-1577.5686274509803
2035.4117647058824,-231.70588235294116,-1577.764705882353
2034.5686274509803,-270.78431372549016,-1577.9607843137255
2033.7254901960785,-309.8627450980392,-1578.1568627450981
2032.8823529411766,-348.94117647058823,-1578.3529411764705
2032.0392156862745,-388.01960784313724,-1578.549019607843
2031.1960784313726,-427.0980392156863,-1578.7450980392157
2030.3529411764705,-466.17647058823525,-1578.9411764705883
2029.5098039215686,-505.2549019607843,-1579.137254901961
2028.6666666666667,-544.3333333333334,-1579.3333333333333
2027.8235294117646,-583.4117647058823,-1579.5294117647059
2026.9803921568628,-622.4901960784314,-1579.7254901960785
2026.137254901961,-661.5686274509803,-1579.921568627451
2025.2941176470588,-700.6470588235294,-1580.1176470588234
2024.450980392157,-739.7254901960785,-1580.313725490196
2023.6078431372548,-778.8039215686274,-1580.5098039215686
2022.764705882353,-817.8823529411765,-1580.7058823529412
2021.921568627451,-856.9607843137255,-1580.9019607843138
2021.078431372549,-896.0392156862745,-1581.0980392156862
2020.235294117647,-935.1176470588234,-1581.2941176470588
2019.3921568627452,-974.1960784313726,-1581.4901960784314
2018.549019607843,-1013.2745098039215,-1581.686274509804
2017.7058823529412,-1052.3529411764705,-1581.8823529411766
2016.862745098039,-1091.4313725490197,-1582.078431372549
2016.0196078431372,-1130.5098039215686,-1582.2745098039215
2015.1764705882354,-1169.5882352941176,-1582.4705882352941
2014.3333333333333,-1208.6666666666667,-1582.6666666666667
2013.4901960784314,-1247.7450980392157,-1582.862745098039
2012.6470588235295,-1286.8235294117646,-1583.0588235294117
2011.8039215686274,-1325.9019607843138,-1583.2549019607843
2010.9607843137255,-1364.9803921568628,-1583.450980392157
2010.1176470588234,-1404.0588235294117,-1583.6470588235295
2009.2745098039215,-1443.1372549019607,-1583.8431372549019
2008.4313725490197,-1482.2156862745098,-1584.0392156862745
2007.5882352941176,-1521.2941176470588,-1584.235294117647
2006.7450980392157,-1560.3725490196077,-1584.4313725490197
2005.9019607843138,-1599.450980392157,-1584.6274509803923
2005.0588235294117,-1638.5294117647059,-1584.8235294117646
2004.2156862745098,-1677.6078431372548,-1585.0196078431372
2003.372549019608,-1716.686274509804,-1585.2156862745098
2002.5294117647059,-1755.764705882353,-1585.4117647058824
2001.686274509804,-1794.8431372549019,-1585.6078431372548
2000.8431372549019,-1833.921568627451,-1585.8039215686274
2000.0,-1873.0,-1586.0
1961.686274509804,-1873.4705882352941,-1586.5686274509803
1923.372549019608,-1873.9411764705883,-1587.137254901961
1885.0588235294117,-1874.4117647058824,-1587.7058823529412
1846.7450980392157,-1874.8823529411766,-1588.2745098039215
1808.4313725490197,-1875.3529411764705,-1588.8431372549019
1770.1176470588234,-1875.8235294117646,-1589.4117647058824
1731.8039215686274,-1876.2941176470588,-1589.9803921568628
1693.4901960784314,-1876.764705882353,-1590.549019607843
1655.1764705882354,-1877.235294117647,-1591.1176470588234
1616.8627450980393,-1877.7058823529412,-1591.686274509804
1578.549019607843,-1878.1764705882354,-1592.2549019607843
1540.235294117647,-1878.6470588235295,-1592.8235294117646
1501.921568627451,-1879.1176470588234,-1593.3921568627452
1463.6078431372548,-1879.5882352941176,-1593.9607843137255
1425.2941176470588,-1880.0588235294117,-1594.5294117647059
1386.9803921568628,-1880.5294117647059,-1595.0980392156862
1348.6666666666667,-1881.0,-1595.6666666666667
1310.3529411764707,-1881.4705882352941,-1596.235294117647
1272.0392156862745,-1881.9411764705883,-1596.8039215686274
1233.7254901960785,-1882.4117647058824,-1597.3725490196077
1195.4117647058824,-1882.8823529411766,-1597.9411764705883
1157.0980392156862,-1883.3529411764705,-1598.5098039215686
1118.7843137254902,-1883.8235294117646,-1599.078431372549
1080.4705882352941,-1884.2941176470588,-1599.6470588235295
1042.1568627450981,-1884.764705882353,-1600.2156862745098
1003.843137254902,-1885.235294117647,-1600.7843137254902
965.5294117647059,-1885.7058823529412,-1601.3529411764705
927.2156862745098,-1886.1764705882354,-1601.921568627451
888.9019607843138,-1886.6470588235295,-1602.4901960784314
850.5882352941176,-1887.1176470588234,-1603.0588235294117
812.2745098039215,-1887.5882352941176,-1603.627450980392
773.9607843137255,-1888.0588235294117,-1604.1960784313726
735.6470588235295,-1888.5294117647059,-1604.764705882353
697.3333333333335,-1889.0,-1605.3333333333333
659.0196078431372,-1889.4705882352941,-1605.9019607843138
620.7058823529412,-1889.9411764705883,-1606.4705882352941
582.3921568627452,-1890.4117647058824,-1607.0392156862745
544.078431372549,-1890.8823529411766,-1607.6078431372548
505.7647058823529,-1891.3529411764705,-1608.1764705882354
467.4509803921569,-1891.8235294117646,-1608.7450980392157
429.1372549019609,-1892.2941176470588,-1609.313725490196
390.82352941176487,-1892.764705882353,-1609.8823529411766
352.5098039215686,-1893.235294117647,-1610.450980392157
314.1960784313726,-1893.7058823529412,-1611.0196078431372
275.8823529411766,-1894.1764705882354,-1611.5882352941176
237.56862745098033,-1894.6470588235295,-1612.1568627450981
199.2549019607843,-1895.1176470588234,-1612.7254901960785
160.9411764705883,-1895.5882352941176,-1613.2941176470588
122.62745098039227,-1896.0588235294117,-1613.862745098039
84.31372549019625,-1896.5294117647059,-1614.4313725490197
46.0,-1897.0,-1615.0
45.395833333333336,-1897.0416666666667,-1615.0416666666667
44.791666666666664,-1897.0833333333333,-1615.0833333333333
44.1875,-1897.125,-1615.125
43.583333333333336,-1897.1666666666667,-1615.1666666666667
42.979166666666664,-1897.2083333333333,-1615.2083333333333
42.375,-1897.25,-1615.25
41.770833333333336,-1897.2916666666667,-1615.2916666666667
41.166666666666664,-1897.3333333333333,-1615.3333333333333
40.5625,-1897.375,-1615.375
39.958333333333336,-1897.4166666666667,-1615.4166666666667
39.354166666666664,-1897.4583333333333,-1615.4583333333333
38.75,-1897.5,-1615.5
38.145833333333336,-1897.5416666666667,-1615.5416666666667
37.54166666666667,-1897.5833333333333,-1615.5833333333333
36.9375,-1897.625,-1615.625
36.333333333333336,-1897.6666666666667,-1615.6666666666667
35.72916666666667,-1897.7083333333333,-1615.7083333333333
35.125,-1897.75,-1615.75
34.520833333333336,-1897.7916666666667,-1615.7916666666667
33.91666666666667,-1897.8333333333333,-1615.8333333333333
33.3125,-1897.875,-1615.875
32.708333333333336,-1897.9166666666667,-1615.9166666666667
32.10416666666667,-1897.9583333333333,-1615.9583333333333
31.5,-1898.0,-1616.0
30.895833333333336,-1898.0416666666667,-1616.0416666666667
30.291666666666668,-1898.0833333333333,-1616.0833333333333
29.6875,-1898.125,-1616.125
29.083333333333336,-1898.1666666666667,-1616.1666666666667
28.479166666666668,-1898.2083333333333,-1616.2083333333333
27.875,-1898.25,-1616.25
27.270833333333336,-1898.2916666666667,-1616.2916666666667
26.666666666666668,-1898.3333333333333,-1616.3333333333333
26.0625,-1898.375,-1616.375
25.458333333333336,-1898.4166666666667,-1616.4166666666667
24.854166666666668,-1898.4583333333333,-1616.4583333333333
24.25,-1898.5,-1616.5
23.645833333333336,-1898.5416666666667,-1616.5416666666667
23.041666666666668,-1898.5833333333333,-1616.5833333333333
22.4375,-1898.625,-1616.625
21.833333333333336,-1898.6666666666667,-1616.6666666666667
21.229166666666668,-1898.7083333333333,-1616.7083333333333
20.625,-1898.75,-1616.75
20.020833333333336,-1898.7916666666667,-1616.7916666666667
19.416666666666668,-1898.8333333333333,-1616.8333333333333
18.8125,-1898.875,-1616.875
18.208333333333336,-1898.9166666666667,-1616.9166666666667
17.604166666666668,-1898.9583333333333,-1616.9583333333333
17.0,-1899.0,-1617.0
54.03703703703704,-1899.388888888889,-1616.962962962963
91.07407407407408,-1899.7777777777778,-1616.9259259259259
128.11111111111111,-1900.1666666666667,-1616.888888888889
165.14814814814815,-1900.5555555555557,-1616.851851851852
202.1851851851852,-1900.9444444444443,-1616.8148148148148
239.22222222222223,-1901.3333333333333,-1616.7777777777778
276.25925925925924,-1901.7222222222222,-1616.7407407407406
313.2962962962963,-1902.111111111111,-1616.7037037037037
350.33333333333337,-1902.5,-1616.6666666666667
387.3703703703704,-1902.888888888889,-1616.6296296296296
424.4074074074074,-1903.2777777777778,-1616.5925925925926
461.44444444444446,-1903.6666666666667,-1616.5555555555557
498.4814814814815,-1904.0555555555557,-1616.5185185185185
535.5185185185185,-1904.4444444444443,-1616.4814814814815
572.5555555555555,-1904.8333333333333,-1616.4444444444443
609.5925925925926,-1905.2222222222222,-1616.4074074074074
646.6296296296297,-1905.611111111111,-1616.3703703703704
683.6666666666667,-1906.0,-1616.3333333333333
720.7037037037037,-1906.388888888889,-1616.2962962962963
757.7407407407408,-1906.7777777777778,-1616.2592592592594
794.7777777777778,-1907.1666666666667,-1616.2222222222222
831.8148148148148,-1907.5555555555557,-1616.1851851851852
868.8518518518518,-1907.9444444444443,-1616.148148148148
905.8888888888889,-1908.3333333333333,-1616.111111111111
942.925925925926,-1908.7222222222222,-1616.0740740740741
979.962962962963,-1909.111111111111,-1616.037037037037
1017.0,-1909.5,-1616.0
1054.037037037037,-1909.888888888889,-1615.962962962963
1091.0740740740741,-1910.2777777777778,-1615.9259259259259
1128.111111111111,-1910.6666666666667,-1615.888888888889
1165.1481481481483,-1911.0555555555557,-1615.851851851852
1202.1851851851852,-1911.4444444444443,-1615.8148148148148
1239.2222222222222,-1911.8333333333333,-1615.7777777777778
1276.2592592592594,-1912.2222222222222,-1615.7407407407406
1313.2962962962963,-1912.611111111111,-1615.7037037037037
1350.3333333333335,-1913.0,-1615.6666666666667
1387.3703703703704,-1913.388888888889,-1615.6296296296296
1424.4074074074074,-1913.7777777777778,-1615.5925925925926
1461.4444444444446,-1914.1666666666667,-1615.5555555555557
1498.4814814814815,-1914.5555555555557,-1615.5185185185185
1535.5185185185185,-1914.9444444444443,-1615.4814814814815
1572.5555555555557,-1915.3333333333333,-1615.4444444444443
1609.5925925925926,-1915.7222222222222,-1615.4074074074074
1646.6296296296296,-1916.111111111111,-1615.3703703703704
1683.6666666666667,-1916.5,-1615.3333333333333
1720.7037037037037,-1916.888888888889,-1615.2962962962963
1757.7407407407409,-1917.2777777777778,-1615.2592592592594
1794.7777777777778,-1917.6666666666667,-1615.2222222222222
1831.8148148148148,-1918.0555555555557,-1615.1851851851852
1868.851851851852,-1918.4444444444443,-1615.148148148148
1905.888888888889,-1918.8333333333333,-1615.111111111111
1942.925925925926,-1919.2222222222222,-1615.0740740740741
1979.962962962963,-1919.611111111111,-1615.037037037037
2017.0,-1920.0,-1615.0
2016.375,-1918.8958333333333,-1615.25
2015.75,-1917.7916666666667,-1615.5
2015.125,-1916.6875,-1615.75
2014.5,-1915.5833333333333,-1616.0
2013.875,-1914.4791666666667,-1616.25
2013.25,-1913.375,-1616.5
2012.625,-1912.2708333333333,-1616.75
2012.0,-1911.1666666666667,-1617.0
2011.375,-1910.0625,-1617.25
2010.75,-1908.9583333333333,-1617.5
2010.125,-1907.8541666666667,-1617.75
2009.5,-1906.75,-1618.0
2008.875,-1905.6458333333333,-1618.25
2008.25,-1904.5416666666667,-1618.5
2007.625,-1903.4375,-1618.75
2007.0,-1902.3333333333333,-1619.0
2006.375,-1901.2291666666667,-1619.25
2005.75,-1900.125,-1619.5
2005.125,-1899.0208333333333,-1619.75
2004.5,-1897.9166666666667,-1620.0
2003.875,-1896.8125,-1620.25
2003.25,-1895.7083333333333,-1620.5
2002.625,-1894.6041666666667,-1620.75
2002.0,-1893.5,-1621.0
2001.375,-1892.3958333333333,-1621.25
2000.75,-1891.2916666666667,-1621.5
2000.125,-1890.1875,-1621.75
1999.5,-1889.0833333333333,-1622.0
1998.875,-1887.9791666666667,-1622.25
1998.25,-1886.875,-1622.5
1997.625,-1885.7708333333333,-1622.75
1997.0,-1884.6666666666667,-1623.0
1996.375,-1883.5625,-1623.25
1995.75,-1882.4583333333333,-1623.5
1995.125,-1881.3541666666667,-1623.75
1994.5,-1880.25,-1624.0
1993.875,-1879.1458333333333,-1624.25
1993.25,-1878.0416666666667,-1624.5
1992.625,-1876.9375,-1624.75
1992.0,-1875.8333333333333,-1625.0
1991.375,-1874.7291666666667,-1625.25
1990.75,-1873.625,-1625.5
1990.125,-1872.5208333333333,-1625.75
1989.5,-1871.4166666666667,-1626.0
1988.875,-1870.3125,-1626.25
1988.25,-1869.2083333333333,-1626.5
1987.625,-1868.1041666666667,-1626.75
1987.0,-1867.0,-1627.0
1987.7291666666667,-1867.3125,-1627.0416666666667
1988.4583333333333,-1867.625,-1627.0833333333333
1989.1875,-1867.9375,-1627.125
1989.9166666666667,-1868.25,-1627.1666666666667
1990.6458333333333,-1868.5625,-1627.2083333333333
1991.375,-1868.875,-1627.25
1992.1041666666667,-1869.1875,-1627.2916666666667
1992.8333333333333,-1869.5,-1627.3333333333333
1993.5625,-1869.8125,-1627.375
1994.2916666666667,-1870.125,-1627.4166666666667
1995.0208333333333,-1870.4375,-1627.4583333333333
1995.75,-1870.75,-1627.5
1996.4791666666667,-1871.0625,-1627.5416666666667
1997.2083333333333,-1871.375,-1627.5833333333333
1997.9375,-1871.6875,-1627.625
1998.6666666666667,-1872.0,-1627.6666666666667
1999.3958333333333,-1872.3125,-1627.7083333333333
2000.125,-1872.625,-1627.75
2000.8541666666667,-1872.9375,-1627.7916666666667
2001.5833333333333,-1873.25,-1627.8333333333333
2002.3125,-1873.5625,-1627.875
2003.0416666666667,-1873.875,-1627.9166666666667
2003.7708333333333,-1874.1875,-1627.9583333333333
2004.5,-1874.5,-1628.0
2005.2291666666667,-1874.8125,-1628.0416666666667
2005.9583333333333,-1875.125,-1628.0833333333333
2006.6875,-1875.4375,-1628.125
2007.4166666666667,-1875.75,-1628.1666666666667
2008.1458333333333,-1876.0625,-1628.2083333333333
2008.875,-1876.375,-1628.25
2009.6041666666667,-1876.6875,-1628.2916666666667
2010.3333333333333,-1877.0,-1628.3333333333333
2011.0625,-1877.3125,-1628.375
2011.7916666666667,-1877.625,-1628.4166666666667
2012.5208333333333,-1877.9375,-1628.4583333333333
2013.25,-1878.25,-1628.5
2013.9791666666667,-1878.5625,-1628.5416666666667
2014.7083333333333,-1878.875,-1628.5833333333333
2015.4375,-1879.1875,-1628.625
2016.1666666666667,-1879.5,-1628.6666666666667
2016.8958333333333,-1879.8125,-1628.7083333333333
2017.625,-1880.125,-1628.75
2018.3541666666667,-1880.4375,-1628.7916666666667
2019.0833333333333,-1880.75,-1628.8333333333333
2019.8125,-1881.0625,-1628.875
2020.5416666666667,-1881.375,-1628.9166666666667
2021.2708333333333,-1881.6875,-1628.9583333333333
2022.0,-1882.0,-1629.0
1983.450980392157,-1882.6666666666667,-1628.4705882352941
1944.9019607843138,-1883.3333333333333,-1627.9411764705883
1906.3529411764705,-1884.0,-1627.4117647058824
1867.8039215686274,-1884.6666666666667,-1626.8823529411766
1829.2549019607843,-1885.3333333333333,-1626.3529411764705
1790.7058823529412,-1886.0,-1625.8235294117646
1752.1568627450981,-1886.6666666666667,-1625.2941176470588
1713.6078431372548,-1887.3333333333333,-1624.764705882353
1675.0588235294117,-1888.0,-1624.235294117647
1636.5098039215686,-1888.6666666666667,-1623.7058823529412
1597.9607843137255,-1889.3333333333333,-1623.1764705882354
1559.4117647058824,-1890.0,-1622.6470588235295
1520.8627450980393,-1890.6666666666667,-1622.1176470588234
1482.3137254901962,-1891.3333333333333,-1621.5882352941176
1443.764705882353,-1892.0,-1621.0588235294117
1405.2156862745098,-1892.6666666666667,-1620.5294117647059
1366.6666666666667,-1893.3333333333333,-1620.0
1328.1176470588234,-1894.0,-1619.4705882352941
1289.5686274509803,-1894.6666666666667,-1618.9411764705883
1251.0196078431372,-1895.3333333333333,-1618.4117647058824
1212.4705882352941,-1896.0,-1617.8823529411766
1173.921568627451,-1896.6666666666667,-1617.3529411764705
1135.372549019608,-1897.3333333333333,-1616.8235294117646
1096.8235294117649,-1898.0,-1616.2941176470588
1058.2745098039218,-1898.6666666666667,-1615.764705882353
1019.7254901960785,-1899.3333333333333,-1615.235294117647
981.1764705882354,-1900.0,-1614.7058823529412
942.6274509803923,-1900.6666666666667,-1614.1764705882354
904.0784313725492,-1901.3333333333333,-1613.6470588235295
865.5294117647059,-1902.0,-1613.1176470588234
826.9803921568628,-1902.6666666666667,-1612.5882352941176
788.4313725490197,-1903.3333333333333,-1612.0588235294117
749.8823529411766,-1904.0,-1611.5294117647059
711.3333333333335,-1904.6666666666667,-1611.0
672.7843137254902,-1905.3333333333333,-1610.4705882352941
634.2352941176471,-1906.0,-1609.9411764705883
595.686274509804,-1906.6666666666667,-1609.4117647058824
557.1372549019609,-1907.3333333333333,-1608.8823529411766
518.5882352941178,-1908.0,-1608.3529411764705
480.0392156862745,-1908.6666666666667,-1607.8235294117646
441.4901960784314,-1909.3333333333333,-1607.2941176470588
402.9411764705883,-1910.0,-1606.764705882353
364.3921568627452,-1910.6666666666667,-1606.235294117647
325.8431372549021,-1911.3333333333333,-1605.7058823529412
287.294117647059,-1912.0,-1605.1764705882354
248.7450980392157,-1912.6666666666667,-1604.6470588235295
210.1960784313726,-1913.3333333333333,-1604.1176470588234
171.6470588235295,-1914.0,-1603.5882352941176
133.0980392156864,-1914.6666666666667,-1603.0588235294117
94.54901960784332,-1915.3333333333333,-1602.5294117647059
56.0,-1916.0,-1602.0
95.0392156862745,-1838.2941176470588,-1530.450980392157
134.078431372549,-1760.5882352941176,-1458.9019607843138
173.11764705882354,-1682.8823529411766,-1387.3529411764707
212.15686274509804,-1605.1764705882354,-1315.8039215686274
251.19607843137254,-1527.4705882352941,-1244.2549019607843
290.2352941176471,-1449.764705882353,-1172.7058823529412
329.27450980392155,-1372.0588235294117,-1101.1568627450981
368.3137254901961,-1294.3529411764707,-1029.6078431372548
407.3529411764706,-1216.6470588235293,-958.0588235294118
446.3921568627451,-1138.9411764705883,-886.5098039215686
485.4313725490196,-1061.235294117647,-814.9607843137255
524.4705882352941,-983.5294117647059,-743.4117647058824
563.5098039215686,-905.8235294117648,-671.8627450980392
602.5490196078431,-828.1176470588236,-600.3137254901961
641.5882352941177,-750.4117647058824,-528.7647058823529
680.6274509803922,-672.7058823529412,-457.21568627450984
719.6666666666666,-595.0,-385.66666666666674
758.7058823529412,-517.2941176470588,-314.11764705882365
797.7450980392157,-439.5882352941178,-242.56862745098033
836.7843137254902,-361.8823529411766,-171.01960784313724
875.8235294117648,-284.17647058823536,-99.47058823529414
914.8627450980392,-206.47058823529414,-27.92156862745105
953.9019607843137,-128.76470588235293,43.62745098039204
992.9411764705883,-51.05882352941171,115.17647058823513
1031.9803921568628,26.647058823529278,186.72549019607845
1071.0196078431372,104.3529411764705,258.27450980392155
1110.0588235294117,182.0588235294117,329.82352941176464
1149.0980392156862,259.7647058823527,401.37254901960773
1188.137254901961,337.47058823529414,472.92156862745105
1227.1764705882354,415.17647058823513,544.4705882352941
1266.2156862745098,492.8823529411766,616.0196078431372
1305.2549019607843,570.5882352941176,687.5686274509803
1344.2941176470588,648.2941176470586,759.1176470588234
1383.3333333333333,726.0,830.6666666666665
1422.3725490196077,803.705882352941,902.2156862745096
1461.4117647058824,881.4117647058824,973.7647058823527
1500.450980392157,959.1176470588234,1045.3137254901958
1539.4901960784314,1036.8235294117644,1116.8627450980393
1578.5294117647059,1114.5294117647059,1188.4117647058824
1617.5686274509803,1192.2352941176468,1259.9607843137255
1656.6078431372548,1269.9411764705883,1331.5098039215686
1695.6470588235295,1347.6470588235293,1403.0588235294117
1734.686274509804,1425.3529411764703,1474.6078431372548
1773.7254901960785,1503.0588235294117,1546.156862745098
1812.764705882353,1580.7647058823527,1617.705882352941
1851.8039215686274,1658.4705882352941,1689.254901960784
1890.8431372549019,1736.1764705882351,1760.8039215686272
1929.8823529411766,1813.8823529411766,1832.3529411764703
1968.921568627451,1891.5882352941176,1903.9019607843138
2007.9607843137255,1969.2941176470586,1975.450980392157
2047.0,2047.0,2047.0
2004.5,2006.5625,1970.0625
1962.0,1966.125,1893.125
1919.5,1925.6875,1816.1875
1877.0,1885.25,1739.25
1834.5,1844.8125,1662.3125
1792.0,1804.375,1585.375
1749.5,1763.9375,1508.4375
1707.0,1723.5,1431.5
1664.5,1683.0625,1354.5625
1622.0,1642.625,1277.625
1579.5,1602.1875,1200.6875
1537.0,1561.75,1123.75
1494.5,1521.3125,1046.8125
1452.0,1480.875,969.875
1409.5,1440.4375,892.9375
1367.0,1400.0,816.0
1324.5,1359.5625,739.0625
1282.0,1319.125,662.125
1239.5,1278.6875,585.1875
1197.0,1238.25,508.25
1154.5,1197.8125,431.3125
1112.0,1157.375,354.375
1069.5,1116.9375,277.4375
1027.0,1076.5,200.5
984.5,1036.0625,123.5625
942.0,995.625,46.625
899.5,955.1875,-30.3125
857.0,914.75,-107.25
814.5,874.3125,-184.1875
772.0,833.875,-261.125
729.5,793.4375,-338.0625
687.0,753.0,-415.0
644.5,712.5625,-491.9375
602.0,672.125,-568.875
559.5,631.6875,-645.8125
517.0,591.25,-722.75
474.5,550.8125,-799.6875
432.0,510.375,-876.625
389.5,469.9375,-953.5625
347.0,429.5,-1030.5
304.5,389.0625,-1107.4375
262.0,348.625,-1184.375
219.5,308.1875,-1261.3125
177.0,267.75,-1338.25
134.5,227.3125,-1415.1875
92.0,186.875,-1492.125
49.5,146.4375,-1569.0625
7.0,106.0,-1646.0
7.0,106.0,-1646.0
7.0,106.0,-1646.0
7.0,106.0,-1646.0
7.0,106.0,-1646.0
7.0,106.0,-1646.0
7.0,106.0,-1646.0
7.0,106.0,-1646.0
7.0,106.0,-1646.0
7.0,106.0,-1646.0
7.0,106.0,-1646.0
7.0,106.0,-1646.0
7.0,106.0,-1646.0
7.0,106.0,-1646.0
7.0,106.0,-1646.0
7.0,106.0,-1646.0
7.0,106.0,-1646.0
7.0,106.0,-1646.0
7.0,106.0,-1646.0
7.0,106.0,-1646.0
7.0,106.0,-1646.0
7.0,106.0,-1646.0
7.0,106.0,-1646.0
7.0,106.0,-1646.0
7.0,106.0,-1646.0
7.0,106.0,-1646.0
7.0,106.0,-1646.0
7.0,106.0,-1646.0
7.0,106.0,-1646.0
7.0,106.0,-1646.0
7.0,106.0,-1646.0
7.0,106.0,-1646.0
7.0,106.0,-1646.0
7.0,106.0,-1646.0
7.0,106.0,-1646.0
7.0,106.0,-1646.0
7.0,106.0,-1646.0
7.0,106.0,-1646.0
7.0,106.0,-1646.0
7.0,106.0,-1646.0
7.0,106.0,-1646.0
7.0,106.0,-1646.0
7.0,106.0,-1646.0
7.0,106.0,-1646.0
7.0,106.0,-1646.0
7.0,106.0,-1646.0
7.0,106.0,-1646.0
7.0,106.0,-1646.0
7.0,106.0,-1646.0
7.0,106.0,-1646.0
7.0,106.0,-1646.0
7.0,106.0,-1646.0
7.0,106.0,-1646.0
7.0,106.0,-1646.0
7.0,106.0,-1646.0
49.0,106.08333333333333,-1644.7083333333333
91.0,106.16666666666667,-1643.4166666666667
133.0,106.25,-1642.125
175.0,106.33333333333333,-1640.8333333333333
217.0,106.41666666666667,-1639.5416666666667
259.0,106.5,-1638.25
301.0,106.58333333333333,-1636.9583333333333
343.0,106.66666666666667,-1635.6666666666667
385.0,106.75,-1634.375
427.0,106.83333333333333,-1633.0833333333333
469.0,106.91666666666667,-1631.7916666666667
511.0,107.0,-1630.5
553.0,107.08333333333333,-1629.2083333333333
595.0,107.16666666666667,-1627.9166666666667
637.0,107.25,-1626.625
679.0,107.33333333333333,-1625.3333333333333
721.0,107.41666666666667,-1624.0416666666667
763.0,107.5,-1622.75
805.0,107.58333333333333,-1621.4583333333333
847.0,107.66666666666667,-1620.1666666666667
889.0,107.75,-1618.875
931.0,107.83333333333333,-1617.5833333333333
973.0,107.91666666666667,-1616.2916666666667
1015.0,108.0,-1615.0
1057.0,108.08333333333333,-1613.7083333333333
1099.0,108.16666666666667,-1612.4166666666667
1141.0,108.25,-1611.125
1183.0,108.33333333333333,-1609.8333333333333
1225.0,108.41666666666667,-1608.5416666666667
1267.0,108.5,-1607.25
1309.0,108.58333333333333,-1605.9583333333333
1351.0,108.66666666666667,-1604.6666666666667
1393.0,108.75,-1603.375
1435.0,108.83333333333333,-1602.0833333333333
1477.0,108.91666666666667,-1600.7916666666667
1519.0,109.0,-1599.5
1561.0,109.08333333333333,-1598.2083333333333
1603.0,109.16666666666667,-1596.9166666666667
1645.0,109.25,-1595.625
1687.0,109.33333333333333,-1594.3333333333333
1729.0,109.41666666666667,-1593.0416666666667
1771.0,109.5,-1591.75
1813.0,109.58333333333333,-1590.4583333333333
1855.0,109.66666666666667,-1589.1666666666667
1897.0,109.75,-1587.875
1939.0,109.83333333333333,-1586.5833333333333
1981.0,109.91666666666667,-1585.2916666666667
2023.0,110.0,-1584.0
1981.875,109.75,-1584.2291666666667
1940.75,109.5,-1584.4583333333333
1899.625,109.25,-1584.6875
1858.5,109.0,-1584.9166666666667
1817.375,108.75,-1585.1458333333333
1776.25,108.5,-1585.375
1735.125,108.25,-1585.6041666666667
1694.0,108.0,-1585.8333333333333
1652.875,107.75,-1586.0625
1611.75,107.5,-1586.2916666666667
1570.625,107.25,-1586.5208333333333
1529.5,107.0,-1586.75
1488.375,106.75,-1586.9791666666667
1447.25,106.5,-1587.2083333333333
1406.125,106.25,-1587.4375
1365.0,106.0,-1587.6666666666667
1323.875,105.75,-1587.8958333333333
1282.75,105.5,-1588.125
1241.625,105.25,-1588.3541666666667
1200.5,105.0,-1588.5833333333333
1159.375,104.75,-1588.8125
1118.25,104.5,-1589.0416666666667
1077.125,104.25,-1589.2708333333333
1036.0,104.0,-1589.5
994.875,103.75,-1589.7291666666667
953.75,103.5,-1589.9583333333333
912.625,103.25,-1590.1875
871.5,103.0,-1590.4166666666667
830.375,102.75,-1590.6458333333333
789.25,102.5,-1590.875
748.125,102.25,-1591.1041666666667
707.0,102.0,-1591.3333333333333
665.875,101.75,-1591.5625
624.75,101.5,-1591.7916666666667
583.625,101.25,-1592.0208333333333
542.5,101.0,-1592.25
501.375,100.75,-1592.4791666666667
460.25,100.5,-1592.7083333333333
419.125,100.25,-1592.9375
378.0,100.0,-1593.1666666666667
336.875,99.75,-1593.3958333333333
295.75,99.5,-1593.625
254.625,99.25,-1593.8541666666667
213.5,99.0,-1594.0833333333333
172.375,98.75,-1594.3125
131.25,98.5,-1594.5416666666667
90.125,98.25,-1594.7708333333333
49.0,98.0,-1595.0
88.1764705882353,136.2156862745098,-1523.5882352941176
127.3529411764706,174.4313725490196,-1452.1764705882354
166.52941176470588,212.64705882352942,-1380.764705882353
205.7058823529412,250.86274509803923,-1309.3529411764707
244.8823529411765,289.07843137254906,-1237.9411764705883
284.05882352941177,327.29411764705884,-1166.5294117647059
323.2352941176471,365.5098039215686,-1095.1176470588234
362.4117647058824,403.72549019607845,-1023.7058823529412
401.5882352941177,441.9411764705883,-952.2941176470589
440.764705882353,480.15686274509807,-880.8823529411766
479.9411764705883,518.3725490196078,-809.4705882352941
519.1176470588235,556.5882352941177,-738.0588235294118
558.2941176470588,594.8039215686275,-666.6470588235295
597.4705882352941,633.0196078431372,-595.2352941176471
636.6470588235295,671.2352941176471,-523.8235294117649
675.8235294117648,709.4509803921569,-452.41176470588243
715.0,747.6666666666667,-381.0
754.1764705882354,785.8823529411766,-309.5882352941178
793.3529411764706,824.0980392156863,-238.17647058823536
832.529411764706,862.3137254901961,-166.76470588235316
871.7058823529412,900.529411764706,-95.35294117647072
910.8823529411766,938.7450980392157,-23.94117647058829
950.0588235294118,976.9607843137255,47.47058823529392
989.2352941176471,1015.1764705882354,118.88235294117635
1028.4117647058824,1053.3921568627452,190.29411764705878
1067.5882352941176,1091.607843137255,261.705882352941
1106.764705882353,1129.8235294117649,333.1176470588234
1145.9411764705883,1168.0392156862745,404.52941176470586
1185.1176470588236,1206.2549019607843,475.9411764705883
1224.294117647059,1244.4705882352941,547.3529411764703
1263.4705882352941,1282.686274509804,618.7647058823527
1302.6470588235295,1320.9019607843138,690.1764705882351
1341.8235294117649,1359.1176470588236,761.5882352941176
1381.0,1397.3333333333335,833.0
1420.1764705882354,1435.5490196078433,904.411764705882
1459.3529411764707,1473.7647058823532,975.8235294117644
1498.529411764706,1511.9803921568628,1047.2352941176468
1537.7058823529412,1550.1960784313726,1118.6470588235293
1576.8823529411766,1588.4117647058824,1190.0588235294117
1616.058823529412,1626.6274509803923,1261.4705882352937
1655.235294117647,1664.843137254902,1332.8823529411761
1694.4117647058824,1703.058823529412,1404.2941176470586
1733.5882352941178,1741.2745098039218,1475.705882352941
1772.7647058823532,1779.4901960784314,1547.1176470588234
1811.9411764705883,1817.7058823529412,1618.5294117647059
1851.1176470588236,1855.921568627451,1689.9411764705878
1890.294117647059,1894.137254901961,1761.3529411764703
1929.4705882352941,1932.3529411764707,1832.7647058823527
1968.6470588235295,1970.5686274509806,1904.1764705882351
2007.8235294117649,2008.7843137254904,1975.5882352941176
2047.0,2047.0,2047.0
2046.7719298245613,2013.157894736842,1982.842105263158
2046.5438596491229,1979.3157894736842,1918.6842105263158
2046.3157894736842,1945.4736842105262,1854.5263157894738
2046.0877192982457,1911.6315789473683,1790.3684210526317
2045.859649122807,1877.7894736842104,1726.2105263157896
2045.6315789473683,1843.9473684210525,1662.0526315789473
2045.4035087719299,1810.1052631578948,1597.8947368421052
2045.1754385964912,1776.2631578947369,1533.7368421052631
2044.9473684210527,1742.421052631579,1469.578947368421
2044.719298245614,1708.578947368421,1405.421052631579
2044.4912280701753,1674.7368421052631,1341.2631578947367
2044.2631578947369,1640.8947368421052,1277.1052631578946
2044.0350877192982,1607.0526315789473,1212.9473684210525
2043.8070175438597,1573.2105263157894,1148.7894736842104
2043.578947368421,1539.3684210526317,1084.6315789473683
2043.3508771929824,1505.5263157894738,1020.4736842105262
2043.122807017544,1471.6842105263158,956.3157894736842
2042.8947368421052,1437.842105263158,892.1578947368421
2042.6666666666667,1404.0,828.0
2042.438596491228,1370.157894736842,763.8421052631579
2042.2105263157894,1336.3157894736842,699.6842105263156
2041.982456140351,1302.4736842105262,635.5263157894735
2041.7543859649122,1268.6315789473683,571.3684210526314
2041.5263157894738,1234.7894736842104,507.21052631578937
2041.298245614035,1200.9473684210525,443.0526315789473
2041.0701754385964,1167.1052631578946,378.8947368421052
2040.842105263158,1133.2631578947367,314.7368421052631
2040.6140350877192,1099.4210526315787,250.5789473684208
2040.3859649122808,1065.5789473684208,186.42105263157873
2040.157894736842,1031.7368421052631,122.26315789473665
2039.9298245614036,997.8947368421052,58.10526315789457
2039.701754385965,964.0526315789473,-6.052631578947512
2039.4736842105262,930.2105263157894,-70.2105263157896
2039.2456140350878,896.3684210526314,-134.36842105263167
2039.017543859649,862.5263157894735,-198.52631578947376
2038.7894736842106,828.6842105263156,-262.68421052631584
2038.561403508772,794.8421052631577,-326.8421052631579
2038.3333333333333,761.0,-391.0
2038.1052631578948,727.1578947368421,-455.1578947368421
2037.877192982456,693.3157894736842,-519.3157894736842
2037.6491228070176,659.4736842105262,-583.4736842105267
2037.421052631579,625.6315789473683,-647.6315789473688
2037.1929824561403,591.7894736842104,-711.7894736842109
2036.9649122807018,557.9473684210525,-775.9473684210529
2036.7368421052631,524.1052631578946,-840.105263157895
2036.5087719298247,490.26315789473665,-904.2631578947371
2036.280701754386,456.42105263157873,-968.4210526315792
2036.0526315789473,422.5789473684208,-1032.5789473684213
2035.8245614035088,388.7368421052631,-1096.7368421052633
2035.5964912280701,354.8947368421052,-1160.8947368421054
2035.3684210526317,321.0526315789473,-1225.0526315789475
2035.140350877193,287.21052631578937,-1289.2105263157896
2034.9122807017543,253.36842105263145,-1353.3684210526317
2034.6842105263158,219.52631578947353,-1417.5263157894738
2034.4561403508771,185.6842105263156,-1481.6842105263158
2034.2280701754387,151.8421052631577,-1545.8421052631584
2034.0,118.0,-1610.0
1987.1904761904761,116.42857142857143,-1610.4285714285713
1940.3809523809523,114.85714285714286,-1610.857142857143
1893.5714285714284,113.28571428571429,-1611.2857142857142
1846.7619047619048,111.71428571428571,-1611.7142857142858
1799.952380952381,110.14285714285714,-1612.142857142857
1753.142857142857,108.57142857142857,-1612.5714285714287
1706.3333333333333,107.0,-1613.0
1659.5238095238096,105.42857142857143,-1613.4285714285713
1612.7142857142858,103.85714285714286,-1613.857142857143
1565.904761904762,102.28571428571429,-1614.2857142857142
1519.095238095238,100.71428571428572,-1614.7142857142858
1472.2857142857142,99.14285714285714,-1615.142857142857
1425.4761904761904,97.57142857142857,-1615.5714285714287
1378.6666666666665,96.0,-1616.0
1331.857142857143,94.42857142857143,-1616.4285714285713
1285.047619047619,92.85714285714286,-1616.857142857143
1238.2380952380952,91.28571428571428,-1617.2857142857142
1191.4285714285716,89.71428571428572,-1617.7142857142858
1144.6190476190477,88.14285714285714,-1618.142857142857
1097.8095238095239,86.57142857142857,-1618.5714285714287
1051.0,85.0,-1619.0
1004.1904761904761,83.42857142857143,-1619.4285714285713
957.3809523809523,81.85714285714286,-1619.857142857143
910.5714285714284,80.28571428571428,-1620.2857142857142
863.7619047619048,78.71428571428572,-1620.7142857142858
816.952380952381,77.14285714285714,-1621.142857142857
770.1428571428571,75.57142857142857,-1621.5714285714287
723.3333333333333,74.0,-1622.0
676.5238095238094,72.42857142857143,-1622.4285714285713
629.7142857142858,70.85714285714286,-1622.857142857143
582.9047619047619,69.28571428571428,-1623.2857142857142
536.0952380952381,67.71428571428572,-1623.7142857142858
489.2857142857142,66.14285714285714,-1624.142857142857
442.47619047619037,64.57142857142857,-1624.5714285714287
395.66666666666674,63.0,-1625.0
348.8571428571429,61.42857142857143,-1625.4285714285713
302.04761904761904,59.85714285714286,-1625.857142857143
255.23809523809518,58.285714285714285,-1626.2857142857142
208.42857142857133,56.714285714285715,-1626.7142857142858
161.6190476190477,55.142857142857146,-1627.142857142857
114.80952380952385,53.57142857142857,-1627.5714285714287
68.0,52.0,-1628.0
66.92156862745098,13.607843137254903,-1628.078431372549
65.84313725490196,-24.784313725490193,-1628.1568627450981
64.76470588235294,-63.17647058823529,-1628.235294117647
63.68627450980392,-101.56862745098039,-1628.313725490196
62.6078431372549,-139.96078431372547,-1628.3921568627452
61.529411764705884,-178.35294117647058,-1628.4705882352941
60.450980392156865,-216.7450980392157,-1628.549019607843
59.372549019607845,-255.13725490196077,-1628.6274509803923
58.294117647058826,-293.52941176470586,-1628.7058823529412
57.21568627450981,-331.92156862745094,-1628.7843137254902
56.13725490196079,-370.3137254901961,-1628.862745098039
55.05882352941177,-408.70588235294116,-1628.9411764705883
53.98039215686275,-447.09803921568624,-1629.0196078431372
52.90196078431373,-485.4901960784314,-1629.0980392156862
51.82352941176471,-523.8823529411765,-1629.1764705882354
50.74509803921569,-562.2745098039215,-1629.2549019607843
49.66666666666667,-600.6666666666666,-1629.3333333333333
48.58823529411765,-639.0588235294117,-1629.4117647058824
47.50980392156863,-677.4509803921568,-1629.4901960784314
46.43137254901961,-715.8431372549019,-1629.5686274509803
45.352941176470594,-754.2352941176471,-1629.6470588235295
44.274509803921575,-792.6274509803922,-1629.7254901960785
43.196078431372555,-831.0196078431372,-1629.8039215686274
42.11764705882353,-869.4117647058823,-1629.8823529411766
41.03921568627451,-907.8039215686274,-1629.9607843137255
39.96078431372549,-946.1960784313725,-1630.0392156862745
38.88235294117647,-984.5882352941176,-1630.1176470588234
37.80392156862745,-1022.9803921568628,-1630.1960784313726
36.72549019607843,-1061.3725490196077,-1630.2745098039215
35.64705882352941,-1099.764705882353,-1630.3529411764705
34.568627450980394,-1138.156862745098,-1630.4313725490197
33.490196078431374,-1176.549019607843,-1630.5098039215686
32.411764705882355,-1214.9411764705883,-1630.5882352941176
31.333333333333336,-1253.3333333333333,-1630.6666666666667
30.254901960784316,-1291.7254901960785,-1630.7450980392157
29.176470588235297,-1330.1176470588234,-1630.8235294117646
28.098039215686278,-1368.5098039215686,-1630.9019607843138
27.01960784313726,-1406.9019607843136,-1630.9803921568628
25.94117647058824,-1445.2941176470588,-1631.0588235294117
24.86274509803922,-1483.6862745098038,-1631.137254901961
23.7843137254902,-1522.078431372549,-1631.2156862745098
22.70588235294118,-1560.4705882352941,-1631.2941176470588
21.62745098039216,-1598.862745098039,-1631.3725490196077
20.549019607843142,-1637.2549019607843,-1631.450980392157
19.470588235294123,-1675.6470588235293,-1631.5294117647059
18.392156862745104,-1714.0392156862745,-1631.6078431372548
17.313725490196084,-1752.4313725490194,-1631.686274509804
16.235294117647058,-1790.8235294117646,-1631.764705882353
15.156862745098039,-1829.2156862745098,-1631.8431372549019
14.07843137254902,-1867.6078431372548,-1631.921568627451
13.0,-1906.0,-1632.0
52.72549019607843,-1905.862745098039,-1631.7254901960785
92.45098039215686,-1905.7254901960785,-1631.450980392157
132.1764705882353,-1905.5882352941176,-1631.1764705882354
171.90196078431373,-1905.450980392157,-1630.9019607843138
211.62745098039215,-1905.313725490196,-1630.6274509803923
251.3529411764706,-1905.1764705882354,-1630.3529411764705
291.078431372549,-1905.0392156862745,-1630.078431372549
330.80392156862746,-1904.9019607843138,-1629.8039215686274
370.5294117647059,-1904.764705882353,-1629.5294117647059
410.2549019607843,-1904.6274509803923,-1629.2549019607843
449.98039215686276,-1904.4901960784314,-1628.9803921568628
489.7058823529412,-1904.3529411764705,-1628.7058823529412
529.4313725490197,-1904.2156862745098,-1628.4313725490197
569.156862745098,-1904.078431372549,-1628.1568627450981
608.8823529411765,-1903.9411764705883,-1627.8823529411766
648.6078431372549,-1903.8039215686274,-1627.6078431372548
688.3333333333334,-1903.6666666666667,-1627.3333333333333
728.0588235294118,-1903.5294117647059,-1627.0588235294117
767.7843137254902,-1903.3921568627452,-1626.7843137254902
807.5098039215686,-1903.2549019607843,-1626.5098039215686
847.2352941176471,-1903.1176470588234,-1626.235294117647
886.9607843137255,-1902.9803921568628,-1625.9607843137255
926.686274509804,-1902.8431372549019,-1625.686274509804
966.4117647058824,-1902.7058823529412,-1625.4117647058824
1006.1372549019608,-1902.5686274509803,-1625.137254901961
1045.8627450980393,-1902.4313725490197,-1624.862745098039
1085.5882352941176,-1902.2941176470588,-1624.5882352941176
1125.313725490196,-1902.1568627450981,-1624.313725490196
1165.0392156862745,-1902.0196078431372,-1624.0392156862745
1204.764705882353,-1901.8823529411766,-1623.764705882353
1244.4901960784314,-1901.7450980392157,-1623.4901960784314
1284.2156862745098,-1901.6078431372548,-1623.2156862745098
1323.9411764705883,-1901.4705882352941,-1622.9411764705883
1363.6666666666667,-1901.3333333333333,-1622.6666666666667
1403.3921568627452,-1901.1960784313726,-1622.3921568627452
1443.1176470588236,-1901.0588235294117,-1622.1176470588234
1482.843137254902,-1900.921568627451,-1621.8431372549019
1522.5686274509803,-1900.7843137254902,-1621.5686274509803
1562.2941176470588,-1900.6470588235295,-1621.2941176470588
1602.0196078431372,-1900.5098039215686,-1621.0196078431372
1641.7450980392157,-1900.3725490196077,-1620.7450980392157
1681.4705882352941,-1900.235294117647,-1620.4705882352941
1721.1960784313726,-1900.0980392156862,-1620.1960784313726
1760.921568627451,-1899.9607843137255,-1619.921568627451
1800.6470588235295,-1899.8235294117646,-1619.6470588235295
1840.372549019608,-1899.686274509804,-1619.3725490196077
1880.0980392156864,-1899.549019607843,-1619.0980392156862
1919.8235294117649,-1899.4117647058824,-1618.8235294117646
1959.549019607843,-1899.2745098039215,-1618.549019607843
1999.2745098039215,-1899.137254901961,-1618.2745098039215
2039.0,-1899.0,-1618.0
1996.5833333333333,-1898.7083333333333,-1617.6041666666667
1954.1666666666667,-1898.4166666666667,-1617.2083333333333
1911.75,-1898.125,-1616.8125
1869.3333333333333,-1897.8333333333333,-1616.4166666666667
1826.9166666666667,-1897.5416666666667,-1616.0208333333333
1784.5,-1897.25,-1615.625
1742.0833333333335,-1896.9583333333333,-1615.2291666666667
1699.6666666666667,-1896.6666666666667,-1614.8333333333333
1657.25,-1896.375,-1614.4375
1614.8333333333335,-1896.0833333333333,-1614.0416666666667
1572.4166666666667,-1895.7916666666667,-1613.6458333333333
1530.0,-1895.5,-1613.25
1487.5833333333335,-1895.2083333333333,-1612.8541666666667
1445.1666666666667,-1894.9166666666667,-1612.4583333333333
1402.75,-1894.625,-1612.0625
1360.3333333333335,-1894.3333333333333,-1611.6666666666667
1317.9166666666667,-1894.0416666666667,-1611.2708333333333
1275.5,-1893.75,-1610.875
1233.0833333333335,-1893.4583333333333,-1610.4791666666667
1190.6666666666667,-1893.1666666666667,-1610.0833333333333
1148.25,-1892.875,-1609.6875
1105.8333333333335,-1892.5833333333333,-1609.2916666666667
1063.4166666666667,-1892.2916666666667,-1608.8958333333333
1021.0,-1892.0,-1608.5
978.5833333333335,-1891.7083333333333,-1608.1041666666667
936.1666666666667,-1891.4166666666667,-1607.7083333333333
893.75,-1891.125,-1607.3125
851.3333333333335,-1890.8333333333333,-1606.9166666666667
808.9166666666667,-1890.5416666666667,-1606.5208333333333
766.5,-1890.25,-1606.125
724.0833333333335,-1889.9583333333333,-1605.7291666666667
681.6666666666667,-1889.6666666666667,-1605.3333333333333
639.25,-1889.375,-1604.9375
596.8333333333335,-1889.0833333333333,-1604.5416666666667
554.4166666666667,-1888.7916666666667,-1604.1458333333333
512.0,-1888.5,-1603.75
469.5833333333335,-1888.2083333333333,-1603.3541666666667
427.16666666666674,-1887.9166666666667,-1602.9583333333333
384.75,-1887.625,-1602.5625
342.3333333333335,-1887.3333333333333,-1602.1666666666667
299.91666666666674,-1887.0416666666667,-1601.7708333333333
257.5,-1886.75,-1601.375
215.08333333333348,-1886.4583333333333,-1600.9791666666667
172.66666666666674,-1886.1666666666667,-1600.5833333333333
130.25,-1885.875,-1600.1875
87.83333333333348,-1885.5833333333333,-1599.7916666666667
45.41666666666674,-1885.2916666666667,-1599.3958333333333
3.0,-1885.0,-1599.0
3.7058823529411766,-1846.8235294117646,-1599.5098039215686
4.411764705882353,-1808.6470588235295,-1600.0196078431372
5.117647058823529,-1770.4705882352941,-1600.5294117647059
5.8235294117647065,-1732.2941176470588,-1601.0392156862745
6.529411764705882,-1694.1176470588234,-1601.549019607843
7.235294117647059,-1655.9411764705883,-1602.0588235294117
7.9411764705882355,-1617.764705882353,-1602.5686274509803
8.647058823529413,-1579.5882352941176,-1603.078431372549
9.352941176470589,-1541.4117647058824,-1603.5882352941176
10.058823529411764,-1503.235294117647,-1604.0980392156862
10.764705882352942,-1465.0588235294117,-1604.6078431372548
11.470588235294118,-1426.8823529411766,-1605.1176470588234
12.176470588235295,-1388.7058823529412,-1605.6274509803923
12.882352941176471,-1350.5294117647059,-1606.137254901961
13.588235294117649,-1312.3529411764705,-1606.6470588235295
14.294117647058824,-1274.1764705882351,-1607.1568627450981
15.0,-1236.0,-1607.6666666666667
15.705882352941178,-1197.8235294117646,-1608.1764705882354
16.411764705882355,-1159.6470588235293,-1608.686274509804
17.11764705882353,-1121.4705882352941,-1609.1960784313726
17.823529411764707,-1083.2941176470588,-1609.7058823529412
18.529411764705884,-1045.1176470588234,-1610.2156862745098
19.23529411764706,-1006.9411764705882,-1610.7254901960785
19.941176470588236,-968.7647058823529,-1611.235294117647
20.647058823529413,-930.5882352941176,-1611.7450980392157
21.35294117647059,-892.4117647058823,-1612.2549019607843
22.058823529411764,-854.2352941176471,-1612.764705882353
22.764705882352942,-816.0588235294117,-1613.2745098039215
23.47058823529412,-777.8823529411764,-1613.7843137254902
24.176470588235297,-739.705882352941,-1614.2941176470588
24.88235294117647,-701.5294117647059,-1614.8039215686274
25.58823529411765,-663.3529411764705,-1615.313725490196
26.294117647058826,-625.1764705882351,-1615.8235294117646
27.0,-587.0,-1616.3333333333333
27.705882352941178,-548.8235294117646,-1616.8431372549019
28.411764705882355,-510.6470588235293,-1617.3529411764705
29.117647058823533,-472.4705882352939,-1617.862745098039
29.823529411764707,-434.2941176470588,-1618.3725490196077
30.529411764705884,-396.1176470588234,-1618.8823529411766
31.23529411764706,-357.94117647058806,-1619.3921568627452
31.941176470588236,-319.7647058823529,-1619.9019607843138
32.64705882352941,-281.58823529411757,-1620.4117647058824
33.352941176470594,-243.4117647058822,-1620.921568627451
34.05882352941177,-205.23529411764684,-1621.4313725490197
34.76470588235294,-167.0588235294117,-1621.9411764705883
35.47058823529412,-128.88235294117635,-1622.450980392157
36.1764705882353,-90.70588235294099,-1622.9607843137255
36.88235294117647,-52.529411764705856,-1623.4705882352941
37.58823529411765,-14.352941176470495,-1623.9803921568628
38.294117647058826,23.823529411764866,-1624.4901960784314
39.0,62.0,-1625.0
38.92156862745098,63.21568627450981,-1623.9411764705883
38.84313725490196,64.43137254901961,-1622.8823529411766
38.76470588235294,65.6470588235294,-1621.8235294117646
38.68627450980392,66.86274509803921,-1620.764705882353
38.6078431372549,68.07843137254902,-1619.7058823529412
38.529411764705884,69.29411764705883,-1618.6470588235295
38.450980392156865,70.50980392156863,-1617.5882352941176
38.372549019607845,71.72549019607843,-1616.5294117647059
38.294117647058826,72.94117647058823,-1615.4705882352941
38.21568627450981,74.15686274509804,-1614.4117647058824
38.13725490196079,75.37254901960785,-1613.3529411764705
38.05882352941177,76.58823529411765,-1612.2941176470588
37.98039215686275,77.80392156862744,-1611.235294117647
37.90196078431372,79.01960784313725,-1610.1764705882354
37.8235294117647,80.23529411764706,-1609.1176470588234
37.745098039215684,81.45098039215686,-1608.0588235294117
37.666666666666664,82.66666666666666,-1607.0
37.588235294117645,83.88235294117646,-1605.9411764705883
37.509803921568626,85.09803921568627,-1604.8823529411766
37.431372549019606,86.31372549019608,-1603.8235294117646
37.35294117647059,87.52941176470588,-1602.764705882353
37.27450980392157,88.74509803921569,-1601.7058823529412
37.19607843137255,89.96078431372548,-1600.6470588235295
37.11764705882353,91.17647058823529,-1599.5882352941176
37.03921568627451,92.3921568627451,-1598.5294117647059
36.96078431372549,93.6078431372549,-1597.4705882352941
36.88235294117647,94.8235294117647,-1596.4117647058824
36.80392156862745,96.0392156862745,-1595.3529411764705
36.72549019607843,97.25490196078431,-1594.2941176470588
36.64705882352941,98.47058823529412,-1593.235294117647
36.568627450980394,99.68627450980392,-1592.1764705882354
36.490196078431374,100.90196078431373,-1591.1176470588234
36.411764705882355,102.11764705882354,-1590.0588235294117
36.333333333333336,103.33333333333333,-1589.0
36.254901960784316,104.54901960784314,-1587.9411764705883
36.1764705882353,105.76470588235293,-1586.8823529411766
36.09803921568628,106.98039215686273,-1585.8235294117646
36.01960784313725,108.19607843137254,-1584.764705882353
35.94117647058823,109.41176470588235,-1583.7058823529412
35.86274509803921,110.62745098039215,-1582.6470588235295
35.78431372549019,111.84313725490196,-1581.5882352941176
35.705882352941174,113.05882352941177,-1580.5294117647059
35.627450980392155,114.27450980392157,-1579.4705882352941
35.549019607843135,115.49019607843137,-1578.4117647058824
35.470588235294116,116.70588235294117,-1577.3529411764705
35.3921568627451,117.92156862745097,-1576.2941176470588
35.31372549019608,119.13725490196077,-1575.235294117647
35.23529411764706,120.35294117647058,-1574.1764705882354
35.15686274509804,121.56862745098039,-1573.1176470588234
35.07843137254902,122.7843137254902,-1572.0588235294117
35.0,124.0,-1571.0
34.895833333333336,122.0625,-1526.7291666666667
34.791666666666664,120.125,-1482.4583333333333
34.6875,118.1875,-1438.1875
34.583333333333336,116.25,-1393.9166666666667
34.479166666666664,114.3125,-1349.6458333333333
34.375,112.375,-1305.375
34.270833333333336,110.4375,-1261.1041666666665
34.166666666666664,108.5,-1216.8333333333333
34.0625,106.5625,-1172.5625
33.958333333333336,104.625,-1128.2916666666665
33.854166666666664,102.6875,-1084.0208333333333
33.75,100.75,-1039.75
33.645833333333336,98.8125,-995.4791666666666
33.541666666666664,96.875,-951.2083333333333
33.4375,94.9375,-906.9375
33.333333333333336,93.0,-862.6666666666666
33.229166666666664,91.0625,-818.3958333333333
33.125,89.125,-774.125
33.020833333333336,87.1875,-729.8541666666666
32.916666666666664,85.25,-685.5833333333333
32.8125,83.3125,-641.3125
32.708333333333336,81.375,-597.0416666666666
32.604166666666664,79.4375,-552.7708333333333
32.5,77.5,-508.5
32.395833333333336,75.5625,-464.2291666666665
32.291666666666664,73.625,-419.95833333333326
32.1875,71.6875,-375.6875
32.083333333333336,69.75,-331.4166666666665
31.979166666666668,67.8125,-287.14583333333326
31.875,65.875,-242.875
31.770833333333332,63.9375,-198.60416666666652
31.666666666666668,62.0,-154.33333333333326
31.5625,60.0625,-110.0625
31.458333333333332,58.125,-65.79166666666652
31.354166666666668,56.1875,-21.520833333333258
31.25,54.25,22.75
31.145833333333332,52.3125,67.02083333333348
31.041666666666668,50.375,111.29166666666674
30.9375,48.4375,155.5625
30.833333333333332,46.5,199.83333333333348
30.729166666666664,44.5625,244.10416666666674
30.625,42.625,288.375
30.520833333333332,40.6875,332.6458333333335
30.416666666666664,38.75,376.91666666666674
30.3125,36.8125,421.1875
30.208333333333332,34.875,465.4583333333335
30.104166666666664,32.9375,509.72916666666697
30.0,31.0,554.0
68.88235294117646,-7.196078431372548,512.2549019607843
107.76470588235294,-45.3921568627451,470.5098039215686
146.64705882352942,-83.58823529411765,428.7647058823529
185.52941176470588,-121.7843137254902,387.01960784313724
224.41176470588235,-159.98039215686273,345.27450980392155
263.29411764705884,-198.1764705882353,303.5294117647059
302.1764705882353,-236.37254901960785,261.7843137254902
341.05882352941177,-274.5686274509804,220.03921568627453
379.94117647058823,-312.7647058823529,178.29411764705884
418.8235294117647,-350.96078431372547,136.54901960784315
457.70588235294116,-389.156862745098,94.80392156862746
496.5882352941177,-427.3529411764706,53.058823529411825
535.4705882352941,-465.54901960784315,11.313725490196134
574.3529411764706,-503.7450980392157,-30.431372549019557
613.2352941176471,-541.9411764705882,-72.17647058823525
652.1176470588235,-580.1372549019608,-113.92156862745094
691.0,-618.3333333333334,-155.66666666666663
729.8823529411765,-656.5294117647059,-197.41176470588232
768.7647058823529,-694.7254901960785,-239.156862745098
807.6470588235294,-732.9215686274509,-280.9019607843137
846.5294117647059,-771.1176470588235,-322.6470588235294
885.4117647058823,-809.313725490196,-364.3921568627451
924.2941176470588,-847.5098039215686,-406.1372549019608
963.1764705882354,-885.7058823529412,-447.88235294117635
1002.0588235294118,-923.9019607843137,-489.62745098039204
1040.9411764705883,-962.0980392156863,-531.3725490196077
1079.8235294117646,-1000.2941176470588,-573.1176470588234
1118.7058823529412,-1038.4901960784314,-614.8627450980391
1157.5882352941176,-1076.686274509804,-656.6078431372548
1196.4705882352941,-1114.8823529411764,-698.3529411764705
1235.3529411764705,-1153.078431372549,-740.0980392156862
1274.235294117647,-1191.2745098039215,-781.8431372549019
1313.1176470588236,-1229.4705882352941,-823.5882352941176
1352.0,-1267.6666666666667,-865.3333333333333
1390.8823529411766,-1305.862745098039,-907.078431372549
1429.764705882353,-1344.0588235294117,-948.8235294117646
1468.6470588235295,-1382.2549019607843,-990.5686274509803
1507.5294117647059,-1420.450980392157,-1032.313725490196
1546.4117647058824,-1458.6470588235293,-1074.0588235294117
1585.2941176470588,-1496.8431372549019,-1115.8039215686274
1624.1764705882354,-1535.0392156862745,-1157.549019607843
1663.0588235294117,-1573.235294117647,-1199.2941176470588
1701.9411764705883,-1611.4313725490197,-1241.0392156862745
1740.8235294117646,-1649.627450980392,-1282.7843137254902
1779.7058823529412,-1687.8235294117646,-1324.5294117647059
1818.5882352941176,-1726.0196078431372,-1366.2745098039215
1857.4705882352941,-1764.2156862745098,-1408.0196078431372
1896.3529411764707,-1802.4117647058824,-1449.7647058823527
1935.235294117647,-1840.6078431372548,-1491.5098039215684
1974.1176470588236,-1878.8039215686274,-1533.254901960784
2013.0,-1917.0,-1575.0
2012.8148148148148,-1916.8333333333333,-1575.4814814814815
2012.6296296296296,-1916.6666666666667,-1575.962962962963
2012.4444444444443,-1916.5,-1576.4444444444443
2012.2592592592594,-1916.3333333333333,-1576.9259259259259
2012.0740740740741,-1916.1666666666667,-1577.4074074074074
2011.888888888889,-1916.0,-1577.888888888889
2011.7037037037037,-1915.8333333333333,-1578.3703703703704
2011.5185185185185,-1915.6666666666667,-1578.851851851852
2011.3333333333333,-1915.5,-1579.3333333333333
2011.148148148148,-1915.3333333333333,-1579.8148148148148
2010.962962962963,-1915.1666666666667,-1580.2962962962963
2010.7777777777778,-1915.0,-1580.7777777777778
2010.5925925925926,-1914.8333333333333,-1581.2592592592594
2010.4074074074074,-1914.6666666666667,-1581.7407407407406
2010.2222222222222,-1914.5,-1582.2222222222222
2010.037037037037,-1914.3333333333333,-1582.7037037037037
2009.851851851852,-1914.1666666666667,-1583.1851851851852
2009.6666666666667,-1914.0,-1583.6666666666667
2009.4814814814815,-1913.8333333333333,-1584.148148148148
2009.2962962962963,-1913.6666666666667,-1584.6296296296296
2009.111111111111,-1913.5,-1585.111111111111
2008.9259259259259,-1913.3333333333333,-1585.5925925925926
2008.7407407407406,-1913.1666666666667,-1586.0740740740741
2008.5555555555557,-1913.0,-1586.5555555555557
2008.3703703703704,-1912.8333333333333,-1587.037037037037
2008.1851851851852,-1912.6666666666667,-1587.5185185185185
2008.0,-1912.5,-1588.0
2007.8148148148148,-1912.3333333333333,-1588.4814814814815
2007.6296296296296,-1912.1666666666667,-1588.962962962963
2007.4444444444443,-1912.0,-1589.4444444444443
2007.2592592592594,-1911.8333333333333,-1589.9259259259259
2007.0740740740741,-1911.6666666666667,-1590.4074074074074
2006.888888888889,-1911.5,-1590.888888888889
2006.7037037037037,-1911.3333333333333,-1591.3703703703704
2006.5185185185185,-1911.1666666666667,-1591.851851851852
2006.3333333333333,-1911.0,-1592.3333333333333
2006.148148148148,-1910.8333333333333,-1592.8148148148148
2005.962962962963,-1910.6666666666667,-1593.2962962962963
2005.7777777777778,-1910.5,-1593.7777777777778
2005.5925925925926,-1910.3333333333333,-1594.2592592592594
2005.4074074074074,-1910.1666666666667,-1594.7407407407406
2005.2222222222222,-1910.0,-1595.2222222222222
2005.037037037037,-1909.8333333333333,-1595.7037037037037
2004.851851851852,-1909.6666666666667,-1596.1851851851852
2004.6666666666667,-1909.5,-1596.6666666666667
2004.4814814814815,-1909.3333333333333,-1597.148148148148
2004.2962962962963,-1909.1666666666667,-1597.6296296296296
2004.111111111111,-1909.0,-1598.111111111111
2003.9259259259259,-1908.8333333333333,-1598.5925925925926
2003.7407407407406,-1908.6666666666667,-1599.0740740740741
2003.5555555555557,-1908.5,-1599.5555555555557
2003.3703703703704,-1908.3333333333333,-1600.037037037037
2003.1851851851852,-1908.1666666666667,-1600.5185185185185
2003.0,-1908.0,-1601.0
2002.9555555555555,-1908.2222222222222,-1601.3111111111111
2002.911111111111,-1908.4444444444443,-1601.6222222222223
2002.8666666666666,-1908.6666666666667,-1601.9333333333334
2002.8222222222223,-1908.888888888889,-1602.2444444444445
2002.7777777777778,-1909.111111111111,-1602.5555555555557
2002.7333333333333,-1909.3333333333333,-1602.8666666666666
2002.6888888888889,-1909.5555555555557,-1603.1777777777777
2002.6444444444444,-1909.7777777777778,-1603.4888888888888
2002.6,-1910.0,-1603.8
2002.5555555555557,-1910.2222222222222,-1604.111111111111
2002.5111111111112,-1910.4444444444443,-1604.4222222222222
2002.4666666666667,-1910.6666666666667,-1604.7333333333333
2002.4222222222222,-1910.888888888889,-1605.0444444444445
2002.3777777777777,-1911.111111111111,-1605.3555555555556
2002.3333333333333,-1911.3333333333333,-1605.6666666666667
2002.2888888888888,-1911.5555555555557,-1605.9777777777779
2002.2444444444445,-1911.7777777777778,-1606.2888888888888
2002.2,-1912.0,-1606.6
2002.1555555555556,-1912.2222222222222,-1606.911111111111
2002.111111111111,-1912.4444444444443,-1607.2222222222222
2002.0666666666666,-1912.6666666666667,-1607.5333333333333
2002.0222222222221,-1912.888888888889,-1607.8444444444444
2001.9777777777779,-1913.111111111111,-1608.1555555555556
2001.9333333333334,-1913.3333333333333,-1608.4666666666667
2001.888888888889,-1913.5555555555557,-1608.7777777777778
2001.8444444444444,-1913.7777777777778,-1609.088888888889
2001.8,-1914.0,-1609.4
2001.7555555555555,-1914.2222222222222,-1609.7111111111112
2001.7111111111112,-1914.4444444444443,-1610.0222222222221
2001.6666666666667,-1914.6666666666667,-1610.3333333333333
2001.6222222222223,-1914.888888888889,-1610.6444444444444
2001.5777777777778,-1915.111111111111,-1610.9555555555555
2001.5333333333333,-1915.3333333333333,-1611.2666666666667
2001.4888888888888,-1915.5555555555557,-1611.5777777777778
2001.4444444444443,-1915.7777777777778,-1611.888888888889
2001.4,-1916.0,-1612.2
2001.3555555555556,-1916.2222222222222,-1612.5111111111112
2001.3111111111111,-1916.4444444444443,-1612.8222222222223
2001.2666666666667,-1916.6666666666667,-1613.1333333333334
2001.2222222222222,-1916.888888888889,-1613.4444444444443
2001.1777777777777,-1917.111111111111,-1613.7555555555555
2001.1333333333334,-1917.3333333333333,-1614.0666666666666
2001.088888888889,-1917.5555555555557,-1614.3777777777777
2001.0444444444445,-1917.7777777777778,-1614.6888888888889
2001.0,-1918.0,-1615.0
2001.2941176470588,-1878.4705882352941,-1614.4117647058824
2001.5882352941176,-1838.9411764705883,-1613.8235294117646
2001.8823529411766,-1799.4117647058824,-1613.235294117647
2002.1764705882354,-1759.8823529411766,-1612.6470588235295
2002.4705882352941,-1720.3529411764705,-1612.0588235294117
2002.764705882353,-1680.8235294117646,-1611.4705882352941
2003.0588235294117,-1641.2941176470588,-1610.8823529411766
2003.3529411764705,-1601.764705882353,-1610.2941176470588
2003.6470588235295,-1562.235294117647,-1609.7058823529412
2003.9411764705883,-1522.7058823529412,-1609.1176470588234
2004.235294117647,-1483.1764705882351,-1608.5294117647059
2004.5294117647059,-1443.6470588235293,-1607.9411764705883
2004.8235294117646,-1404.1176470588234,-1607.3529411764705
2005.1176470588234,-1364.5882352941176,-1606.764705882353
2005.4117647058824,-1325.0588235294117,-1606.1764705882354
2005.7058823529412,-1285.5294117647059,-1605.5882352941176
2006.0,-1246.0,-1605.0
2006.2941176470588,-1206.4705882352941,-1604.4117647058824
2006.5882352941176,-1166.9411764705883,-1603.8235294117646
2006.8823529411766,-1127.4117647058824,-1603.235294117647
2007.1764705882354,-1087.8823529411766,-1602.6470588235295
2007.4705882352941,-1048.3529411764705,-1602.0588235294117
2007.764705882353,-1008.8235294117646,-1601.4705882352941
2008.0588235294117,-969.2941176470588,-1600.8823529411766
2008.3529411764705,-929.7647058823529,-1600.2941176470588
2008.6470588235295,-890.2352941176471,-1599.7058823529412
2008.9411764705883,-850.7058823529412,-1599.1176470588234
2009.235294117647,-811.1764705882351,-1598.5294117647059
2009.5294117647059,-771.6470588235293,-1597.9411764705883
2009.8235294117646,-732.1176470588234,-1597.3529411764705
2010.1176470588234,-692.5882352941176,-1596.764705882353
2010.4117647058824,-653.0588235294117,-1596.1764705882354
2010.7058823529412,-613.5294117647059,-1595.5882352941176
2011.0,-574.0,-1595.0
2011.2941176470588,-534.4705882352941,-1594.4117647058824
2011.5882352941176,-494.9411764705883,-1593.8235294117646
2011.8823529411766,-455.4117647058822,-1593.235294117647
2012.1764705882354,-415.88235294117635,-1592.6470588235295
2012.4705882352941,-376.3529411764705,-1592.0588235294117
2012.764705882353,-336.82352941176464,-1591.4705882352941
2013.0588235294117,-297.2941176470588,-1590.8823529411766
2013.3529411764705,-257.7647058823529,-1590.2941176470588
2013.6470588235295,-218.23529411764707,-1589.7058823529412
2013.9411764705883,-178.705882352941,-1589.1176470588234
2014.235294117647,-139.17647058823513,-1588.5294117647059
2014.5294117647059,-99.64705882352928,-1587.9411764705883
2014.8235294117646,-60.11764705882342,-1587.3529411764705
2015.1176470588234,-20.588235294117567,-1586.764705882353
2015.4117647058824,18.94117647058829,-1586.1764705882354
2015.7058823529412,58.470588235294144,-1585.5882352941176
2016.0,98.0,-1585.0
